window,tf,bar_seconds,N,M,atr_mult,return,max_dd,n_trades,net_wr,sum_r,pf,fees,calmar,final_balance
2021-2023,1d,86400,10,5,1.5,0.206788,-0.064594,46,0.302326,21.3270,1.743330,75.51,3.201340,12067.88
2021-2023,1d,86400,10,5,2.0,0.089644,-0.070987,46,0.302326,10.1986,1.356318,54.56,1.262815,10896.44
2021-2023,1d,86400,10,5,2.5,0.051911,-0.065492,44,0.302326,6.2061,1.236220,44.42,0.792629,10519.11
2021-2023,1d,86400,10,5,3.0,0.026808,-0.065615,43,0.302326,3.5191,1.135185,36.78,0.408564,10268.08
2021-2023,1d,86400,15,5,1.5,0.175815,-0.046047,42,0.333333,18.1581,1.729441,72.07,3.818191,11758.15
2021-2023,1d,86400,15,5,2.0,0.083306,-0.045666,41,0.333333,9.2770,1.380296,51.95,1.824266,10833.06
2021-2023,1d,86400,15,5,2.5,0.035094,-0.047712,41,0.325000,4.3838,1.173049,42.19,0.735533,10350.94
2021-2023,1d,86400,15,5,3.0,0.002288,-0.057511,41,0.317073,0.9655,1.011818,35.67,0.039783,10022.88
2021-2023,1d,86400,15,10,1.5,0.310913,-0.049982,35,0.375000,29.4910,2.451138,67.72,6.220544,13109.13
2021-2023,1d,86400,15,10,2.0,0.185121,-0.044873,34,0.375000,18.4987,1.962416,47.96,4.125470,11851.21
2021-2023,1d,86400,15,10,2.5,0.116488,-0.045205,34,0.363636,12.0928,1.653669,38.68,2.576900,11164.88
2021-2023,1d,86400,15,10,3.0,0.080166,-0.050058,33,0.363636,8.5244,1.492299,32.04,1.601463,10801.66
2021-2023,1d,86400,20,5,1.5,0.201797,-0.034594,37,0.393939,20.1767,2.063574,62.75,5.833220,12017.97
2021-2023,1d,86400,20,5,2.0,0.126603,-0.031673,36,0.406250,13.0773,1.770518,44.61,3.997155,11266.03
2021-2023,1d,86400,20,5,2.5,0.075676,-0.029853,35,0.393939,8.1322,1.494205,36.69,2.534932,10756.76
2021-2023,1d,86400,20,5,3.0,0.034916,-0.044036,35,0.371429,4.0907,1.228591,31.45,0.792894,10349.16
2021-2023,1d,86400,20,10,1.5,0.308115,-0.034349,32,0.428571,29.0415,2.757867,59.61,8.970246,13081.15
2021-2023,1d,86400,20,10,2.0,0.205728,-0.034042,31,0.444444,20.0712,2.375554,41.53,6.043383,12057.28
2021-2023,1d,86400,20,10,2.5,0.137682,-0.036354,30,0.428571,13.8590,1.982975,33.98,3.787231,11376.82
2021-2023,1d,86400,20,10,3.0,0.084286,-0.045201,30,0.400000,8.8310,1.591467,29.06,1.864693,10842.86
2021-2023,1d,86400,20,15,1.5,0.284072,-0.029032,29,0.440000,27.0450,2.808264,53.96,9.784798,12840.72
2021-2023,1d,86400,20,15,2.0,0.212677,-0.034042,27,0.478261,20.5564,2.678713,37.36,6.247522,12126.77
2021-2023,1d,86400,20,15,2.5,0.145475,-0.031947,24,0.454545,14.4336,2.332854,26.91,4.553634,11454.75
2021-2023,1d,86400,20,15,3.0,0.091869,-0.038117,24,0.416667,9.4427,1.791710,23.37,2.410188,10918.69
2021-2023,1d,86400,30,5,1.5,0.083922,-0.044945,33,0.400000,9.1371,1.514663,54.63,1.867230,10839.22
2021-2023,1d,86400,30,5,2.0,0.031152,-0.043254,33,0.400000,3.8079,1.208334,39.98,0.720213,10311.52
2021-2023,1d,86400,30,5,2.5,0.003570,-0.043872,32,0.387097,0.9167,1.025688,33.19,0.081367,10035.70
2021-2023,1d,86400,30,5,3.0,-0.011987,-0.049554,32,0.375000,-0.7556,0.908674,28.06,-0.241896,9880.13
2021-2023,1d,86400,30,10,1.5,0.199861,-0.056481,28,0.400000,19.7384,2.275874,52.02,3.538526,11998.61
2021-2023,1d,86400,30,10,2.0,0.114563,-0.054617,28,0.400000,11.8243,1.792786,37.23,2.097556,11145.63
2021-2023,1d,86400,30,10,2.5,0.070313,-0.052820,27,0.384615,7.4992,1.525621,30.74,1.331165,10703.13
2021-2023,1d,86400,30,10,3.0,0.042435,-0.051396,27,0.370370,4.7013,1.337452,25.81,0.825640,10424.35
2021-2023,1d,86400,30,15,1.5,0.183921,-0.056481,25,0.409091,18.2739,2.365571,46.70,3.256316,11839.21
2021-2023,1d,86400,30,15,2.0,0.129267,-0.054617,24,0.428571,13.0506,2.118280,33.29,2.366770,11292.67
2021-2023,1d,86400,30,15,2.5,0.096493,-0.041938,21,0.450000,9.8183,1.996782,24.30,2.300836,10964.93
2021-2023,1d,86400,30,15,3.0,0.066437,-0.038255,21,0.428571,6.8987,1.715804,20.55,1.736686,10664.37
2021-2023,1d,86400,30,20,1.5,0.156287,-0.065102,22,0.400000,15.7023,2.185218,42.23,2.400654,11562.87
2021-2023,1d,86400,30,20,2.0,0.109727,-0.060791,21,0.421053,11.1739,1.971626,30.21,1.804978,11097.27
2021-2023,1d,86400,30,20,2.5,0.082462,-0.046989,19,0.444444,8.4439,1.881764,21.82,1.754927,10824.62
2021-2023,1d,86400,30,20,3.0,0.061301,-0.044122,18,0.444444,6.3363,1.728258,17.12,1.389351,10613.01
2021-2023,1d,86400,55,5,1.5,0.106626,-0.045484,26,0.434783,11.0134,1.921043,38.85,2.344264,11066.26
2021-2023,1d,86400,55,5,2.0,0.056185,-0.048532,26,0.434783,6.0604,1.523454,28.59,1.157689,10561.85
2021-2023,1d,86400,55,5,2.5,0.028100,-0.046787,25,0.416667,3.2154,1.275723,24.32,0.600598,10281.00
2021-2023,1d,86400,55,5,3.0,0.012293,-0.042017,25,0.400000,1.5752,1.128496,20.77,0.292559,10122.93
2021-2023,1d,86400,55,10,1.5,0.197758,-0.036879,23,0.400000,19.3770,2.938387,38.22,5.362285,11977.58
2021-2023,1d,86400,55,10,2.0,0.124231,-0.035088,23,0.400000,12.5533,2.306582,27.65,3.540541,11242.31
2021-2023,1d,86400,55,10,2.5,0.093793,-0.036168,21,0.400000,9.5547,2.142577,22.91,2.593246,10937.93
2021-2023,1d,86400,55,10,3.0,0.065855,-0.031809,21,0.380952,6.8294,1.831288,19.44,2.070299,10658.55
2021-2023,1d,86400,55,15,1.5,0.202322,-0.036879,21,0.444444,19.6742,3.152710,35.21,5.486037,12023.22
2021-2023,1d,86400,55,15,2.0,0.129945,-0.035088,21,0.444444,13.0057,2.495092,25.49,3.703391,11299.45
2021-2023,1d,86400,55,15,2.5,0.101855,-0.032161,18,0.470588,10.2352,2.442536,19.61,3.167039,11018.55
2021-2023,1d,86400,55,15,3.0,0.074347,-0.028456,18,0.444444,7.5795,2.094013,16.75,2.612654,10743.47
2021-2023,1d,86400,55,20,1.5,0.173170,-0.045679,18,0.437500,16.9834,2.888939,30.94,3.791020,11731.70
2021-2023,1d,86400,55,20,2.0,0.112120,-0.041390,18,0.437500,11.2696,2.362421,22.54,2.708887,11121.20
2021-2023,1d,86400,55,20,2.5,0.089886,-0.037263,16,0.466667,9.0463,2.381149,17.19,2.412181,10898.86
2021-2023,1d,86400,55,20,3.0,0.060042,-0.034383,16,0.437500,6.1716,1.887831,14.75,1.746270,10600.42
2021-2023,4h,14400,10,5,1.5,0.654536,-0.205590,300,0.318339,74.9077,1.324828,1624.10,3.183690,16545.36
2021-2023,4h,14400,10,5,2.0,0.309755,-0.179551,290,0.322807,43.5611,1.210557,1019.50,1.725168,13097.55
2021-2023,4h,14400,10,5,2.5,0.237603,-0.156575,280,0.330935,33.2667,1.201620,773.02,1.517508,12376.03
2021-2023,4h,14400,10,5,3.0,0.182349,-0.131652,278,0.335740,26.1335,1.183497,634.77,1.385089,11823.49
2021-2023,4h,14400,15,5,1.5,0.909017,-0.141716,256,0.319838,87.9599,1.510954,1422.85,6.414372,19090.17
2021-2023,4h,14400,15,5,2.0,0.482735,-0.135299,250,0.325203,55.0126,1.364530,923.34,3.567903,14827.35
2021-2023,4h,14400,15,5,2.5,0.325187,-0.126352,244,0.330579,39.5287,1.306826,690.68,2.573664,13251.87
2021-2023,4h,14400,15,5,3.0,0.250934,-0.108383,243,0.336100,31.2464,1.283009,561.61,2.315240,12509.34
2021-2023,4h,14400,15,10,1.5,1.197911,-0.127480,209,0.303483,104.9360,1.672803,1307.55,9.396835,21979.11
2021-2023,4h,14400,15,10,2.0,0.561645,-0.143281,203,0.311558,61.6992,1.407208,814.51,3.919885,15616.45
2021-2023,4h,14400,15,10,2.5,0.490069,-0.141114,187,0.329730,51.9249,1.438377,614.48,3.472859,14900.69
2021-2023,4h,14400,15,10,3.0,0.304334,-0.138233,187,0.329730,35.7839,1.318638,479.37,2.201604,13043.34
2021-2023,4h,14400,20,5,1.5,0.633484,-0.170835,220,0.314554,69.8837,1.457289,1074.19,3.708159,16334.84
2021-2023,4h,14400,20,5,2.0,0.333791,-0.152315,214,0.327014,42.6941,1.303943,726.65,2.191458,13337.91
2021-2023,4h,14400,20,5,2.5,0.324747,-0.114409,209,0.339806,38.2934,1.358289,582.72,2.838480,13247.47
2021-2023,4h,14400,20,5,3.0,0.254223,-0.097344,207,0.346341,30.5555,1.330590,477.72,2.611589,12542.23
2021-2023,4h,14400,20,10,1.5,1.038135,-0.147774,185,0.292135,95.4804,1.704554,1082.46,7.025173,20381.35
2021-2023,4h,14400,20,10,2.0,0.523884,-0.130383,178,0.318182,57.8028,1.452383,694.37,4.018055,15238.84
2021-2023,4h,14400,20,10,2.5,0.620992,-0.086187,165,0.349693,59.4123,1.654510,555.70,7.205159,16209.92
2021-2023,4h,14400,20,10,3.0,0.480088,-0.079261,162,0.362500,47.6100,1.604005,434.11,6.057048,14800.88
2021-2023,4h,14400,20,15,1.5,0.952307,-0.146115,173,0.278788,90.8625,1.686111,973.68,6.517500,19523.07
2021-2023,4h,14400,20,15,2.0,0.523098,-0.137439,160,0.316456,57.3315,1.476960,619.23,3.806041,15230.98
2021-2023,4h,14400,20,15,2.5,0.612538,-0.070365,143,0.352113,58.1911,1.675494,485.97,8.705165,16125.38
2021-2023,4h,14400,20,15,3.0,0.479866,-0.056840,137,0.382353,46.9800,1.624732,374.42,8.442426,14798.66
2021-2023,4h,14400,30,5,1.5,0.836986,-0.142252,164,0.333333,77.0550,1.784093,875.96,5.883806,18369.86
2021-2023,4h,14400,30,5,2.0,0.424618,-0.108919,161,0.343750,46.1797,1.480037,602.50,3.898457,14246.18
2021-2023,4h,14400,30,5,2.5,0.331886,-0.072410,158,0.356688,36.4959,1.457472,470.24,4.583431,13318.86
2021-2023,4h,14400,30,5,3.0,0.220776,-0.079796,158,0.354430,26.0872,1.347468,382.95,2.766751,12207.76
2021-2023,4h,14400,30,10,1.5,1.041354,-0.151063,143,0.287770,91.7001,1.916763,852.35,6.893510,20413.54
2021-2023,4h,14400,30,10,2.0,0.557072,-0.116893,139,0.316547,57.4044,1.600480,574.52,4.765668,15570.72
2021-2023,4h,14400,30,10,2.5,0.528362,-0.090776,132,0.348485,51.6528,1.684751,447.38,5.820503,15283.62
2021-2023,4h,14400,30,10,3.0,0.392151,-0.088231,131,0.351145,40.1073,1.592320,358.57,4.444605,13921.51
2021-2023,4h,14400,30,15,1.5,1.098033,-0.160998,137,0.287879,95.9988,2.007581,773.62,6.820161,20980.33
2021-2023,4h,14400,30,15,2.0,0.556256,-0.134932,131,0.312977,58.2105,1.602585,516.24,4.122501,15562.56
2021-2023,4h,14400,30,15,2.5,0.514628,-0.099093,122,0.344262,50.9822,1.674412,388.80,5.193370,15146.28
2021-2023,4h,14400,30,15,3.0,0.388980,-0.098196,119,0.361345,39.9858,1.586538,311.24,3.961251,13889.80
2021-2023,4h,14400,30,20,1.5,0.879895,-0.152512,127,0.227642,83.9723,1.876595,667.08,5.769356,18798.95
2021-2023,4h,14400,30,20,2.0,0.413376,-0.146962,122,0.239669,47.8957,1.486216,439.96,2.812815,14133.76
2021-2023,4h,14400,30,20,2.5,0.365432,-0.115570,112,0.279279,39.9712,1.537420,314.93,3.161986,13654.32
2021-2023,4h,14400,30,20,3.0,0.247211,-0.117615,108,0.287037,28.7768,1.402649,251.03,2.101857,12472.11
2021-2023,4h,14400,55,5,1.5,0.557628,-0.121699,122,0.305085,56.0035,1.668434,616.33,4.582017,15576.28
2021-2023,4h,14400,55,5,2.0,0.294612,-0.090779,120,0.319328,33.6152,1.425698,434.53,3.245354,12946.12
2021-2023,4h,14400,55,5,2.5,0.231933,-0.073044,117,0.327586,26.4998,1.416185,339.02,3.175246,12319.33
2021-2023,4h,14400,55,5,3.0,0.157720,-0.077255,117,0.324786,19.0685,1.324296,278.55,2.041561,11577.20
2021-2023,4h,14400,55,10,1.5,0.638196,-0.130946,109,0.301887,64.7767,1.783341,578.28,4.873730,16381.96
2021-2023,4h,14400,55,10,2.0,0.364506,-0.091339,106,0.339623,41.0517,1.536809,407.71,3.990697,13645.06
2021-2023,4h,14400,55,10,2.5,0.419440,-0.087109,98,0.377551,42.1470,1.733472,330.46,4.815142,14194.40
2021-2023,4h,14400,55,10,3.0,0.311341,-0.083926,98,0.377551,32.5189,1.638476,263.35,3.709704,13113.41
2021-2023,4h,14400,55,15,1.5,0.666362,-0.133953,104,0.297030,66.3923,1.852889,531.40,4.974583,16663.62
2021-2023,4h,14400,55,15,2.0,0.356250,-0.099423,100,0.330000,40.3237,1.528566,371.44,3.583173,13562.50
2021-2023,4h,14400,55,15,2.5,0.429156,-0.093023,91,0.373626,42.6883,1.777612,298.11,4.613441,14291.56
2021-2023,4h,14400,55,15,3.0,0.319685,-0.090385,90,0.388889,33.0127,1.668158,237.51,3.536915,13196.85
2021-2023,4h,14400,55,20,1.5,0.661671,-0.161664,96,0.265957,65.6818,1.886012,485.79,4.092887,16616.71
2021-2023,4h,14400,55,20,2.0,0.346850,-0.159334,92,0.282609,39.2761,1.551784,329.37,2.176876,13468.50
2021-2023,4h,14400,55,20,2.5,0.385633,-0.079715,82,0.353659,39.0957,1.798108,246.10,4.837627,13856.33
2021-2023,4h,14400,55,20,3.0,0.277930,-0.072655,81,0.358025,29.4055,1.652222,196.12,3.825316,12779.30
2021-2023,1h,3600,10,5,1.5,0.168021,-0.371299,1226,0.300608,165.2835,1.031603,11815.02,0.452522,11680.21
2021-2023,1h,3600,10,5,2.0,-0.220373,-0.413087,1165,0.307829,79.6628,0.959537,6916.67,-0.533479,7796.27
2021-2023,1h,3600,10,5,2.5,-0.238810,-0.399234,1131,0.315032,53.2477,0.944684,5697.85,-0.598171,7611.90
2021-2023,1h,3600,10,5,3.0,-0.245889,-0.369818,1119,0.316456,37.1098,0.931433,4721.76,-0.664890,7541.11
2021-2023,1h,3600,15,5,1.5,0.557868,-0.270806,1051,0.306352,172.4907,1.103996,9831.70,2.060030,15578.68
2021-2023,1h,3600,15,5,2.0,0.073783,-0.345581,1006,0.320872,97.2786,1.022045,6216.87,0.213505,10737.83
2021-2023,1h,3600,15,5,2.5,-0.088702,-0.358325,979,0.327784,60.3787,0.976923,4809.61,-0.247546,9112.98
2021-2023,1h,3600,15,5,3.0,-0.072961,-0.285169,966,0.332285,48.6352,0.977608,4147.16,-0.255851,9270.39
2021-2023,1h,3600,15,10,1.5,2.021557,-0.318069,871,0.276885,232.0141,1.241303,13664.20,6.355711,30215.57
2021-2023,1h,3600,15,10,2.0,1.219375,-0.300425,786,0.308609,159.4973,1.208879,8108.91,4.058839,22193.75
2021-2023,1h,3600,15,10,2.5,0.511588,-0.281018,756,0.305108,102.3298,1.121947,5080.77,1.820483,15115.88
2021-2023,1h,3600,15,10,3.0,0.259533,-0.282986,734,0.306319,71.2694,1.078114,3708.92,0.917126,12595.33
2021-2023,1h,3600,20,5,1.5,0.801164,-0.288377,912,0.311377,169.5773,1.158765,9233.94,2.778179,18011.64
2021-2023,1h,3600,20,5,2.0,0.290103,-0.253477,875,0.327711,103.6537,1.078496,5988.58,1.144495,12901.03
2021-2023,1h,3600,20,5,2.5,0.005199,-0.288494,858,0.328947,61.2791,1.004729,4486.51,0.018021,10051.99
2021-2023,1h,3600,20,5,3.0,-0.036399,-0.250223,846,0.334135,45.4769,0.989364,3772.94,-0.145465,9636.01
2021-2023,1h,3600,20,10,1.5,1.746863,-0.306894,790,0.284530,206.7306,1.246110,11615.60,5.692066,27468.63
2021-2023,1h,3600,20,10,2.0,1.000543,-0.286539,717,0.313869,139.5805,1.204175,6727.60,3.491824,20005.43
2021-2023,1h,3600,20,10,2.5,0.388908,-0.311733,693,0.313609,86.5047,1.104882,4431.97,1.247568,13889.08
2021-2023,1h,3600,20,10,3.0,0.234550,-0.243309,673,0.313725,64.0997,1.075997,3446.59,0.963998,12345.50
2021-2023,1h,3600,20,15,1.5,2.776887,-0.324608,704,0.250779,241.4786,1.340261,12725.35,8.554590,37768.87
2021-2023,1h,3600,20,15,2.0,1.505304,-0.309402,623,0.278992,161.6238,1.273421,7051.29,4.865199,25053.04
2021-2023,1h,3600,20,15,2.5,0.594083,-0.319528,593,0.282272,98.4680,1.155211,4156.22,1.859249,15940.83
2021-2023,1h,3600,20,15,3.0,0.434804,-0.262822,567,0.293381,76.8368,1.133725,3243.98,1.654364,14348.04
2021-2023,1h,3600,30,5,1.5,0.765338,-0.268493,719,0.292237,143.3829,1.176541,7479.20,2.850491,17653.38
2021-2023,1h,3600,30,5,2.0,0.176596,-0.243701,697,0.305936,77.5810,1.061766,4493.78,0.724643,11765.96
2021-2023,1h,3600,30,5,2.5,0.053321,-0.238369,684,0.316591,52.5911,1.024338,3554.73,0.223691,10533.21
2021-2023,1h,3600,30,5,3.0,-0.041116,-0.215924,677,0.318182,34.3140,0.985820,2906.14,-0.190420,9588.84
2021-2023,1h,3600,30,10,1.5,1.594436,-0.278874,639,0.275214,180.4846,1.271812,9145.16,5.717413,25944.36
2021-2023,1h,3600,30,10,2.0,0.585159,-0.264956,600,0.294533,104.5465,1.151897,4959.49,2.208513,15851.59
2021-2023,1h,3600,30,10,2.5,0.235604,-0.257109,583,0.305357,66.0490,1.078250,3439.07,0.916359,12356.04
2021-2023,1h,3600,30,10,3.0,0.086022,-0.245488,570,0.307554,44.0329,1.035342,2626.94,0.350412,10860.22
2021-2023,1h,3600,30,15,1.5,2.731440,-0.278874,580,0.252809,222.6429,1.377018,10950.58,9.794540,37314.40
2021-2023,1h,3600,30,15,2.0,1.336546,-0.275683,535,0.277559,145.7550,1.279622,5770.86,4.848132,23365.46
2021-2023,1h,3600,30,15,2.5,0.694108,-0.282485,514,0.288306,98.2992,1.190777,3780.98,2.457152,16941.08
2021-2023,1h,3600,30,15,3.0,0.356885,-0.273409,496,0.292181,65.9664,1.125150,2662.94,1.305316,13568.85
2021-2023,1h,3600,30,20,1.5,1.934660,-0.318326,547,0.238569,197.5304,1.323415,8573.44,6.077609,29346.60
2021-2023,1h,3600,30,20,2.0,0.933124,-0.291625,498,0.260593,126.0002,1.232632,4505.44,3.199737,19331.24
2021-2023,1h,3600,30,20,2.5,0.474176,-0.299633,470,0.275330,83.1287,1.146774,3119.64,1.582524,14741.76
2021-2023,1h,3600,30,20,3.0,0.309508,-0.289594,447,0.292237,61.1265,1.114140,2375.26,1.068763,13095.08
2021-2023,1h,3600,55,5,1.5,0.211616,-0.347916,512,0.284483,75.1130,1.084308,4249.37,0.608238,12116.16
2021-2023,1h,3600,55,5,2.0,-0.072181,-0.283208,494,0.300429,32.5053,0.972208,2856.24,-0.254869,9278.19
2021-2023,1h,3600,55,5,2.5,-0.046766,-0.249148,481,0.316810,26.3121,0.977881,2327.71,-0.187702,9532.34
2021-2023,1h,3600,55,5,3.0,-0.081579,-0.205614,476,0.319742,16.8154,0.951905,1954.70,-0.396757,9184.21
2021-2023,1h,3600,55,10,1.5,0.433997,-0.354668,469,0.266979,92.7601,1.140490,4556.74,1.223669,14339.97
2021-2023,1h,3600,55,10,2.0,-0.007002,-0.292953,444,0.280285,39.0247,1.000857,2829.04,-0.023901,9929.98
2021-2023,1h,3600,55,10,2.5,-0.087378,-0.275352,428,0.296386,21.2621,0.959085,2088.38,-0.317330,9126.22
2021-2023,1h,3600,55,10,3.0,-0.090229,-0.266013,418,0.309002,14.9793,0.950713,1730.29,-0.339189,9097.71
2021-2023,1h,3600,55,15,1.5,0.537476,-0.386271,440,0.236908,102.4769,1.161979,4569.39,1.391448,15374.76
2021-2023,1h,3600,55,15,2.0,0.134162,-0.313031,409,0.253846,53.6577,1.051759,2920.51,0.428591,11341.62
2021-2023,1h,3600,55,15,2.5,0.073818,-0.297184,387,0.276596,37.8656,1.034342,2090.85,0.248393,10738.18
2021-2023,1h,3600,55,15,3.0,0.063049,-0.278468,376,0.297297,30.5359,1.032957,1693.44,0.226415,10630.49
2021-2023,1h,3600,55,20,1.5,0.452485,-0.425062,427,0.221649,99.3382,1.147533,4075.00,1.064514,14524.85
2021-2023,1h,3600,55,20,2.0,0.118240,-0.368238,390,0.242588,52.7818,1.049221,2574.12,0.321097,11182.40
2021-2023,1h,3600,55,20,2.5,0.024623,-0.326232,367,0.266854,33.0928,1.012679,1904.70,0.075476,10246.23
2021-2023,1h,3600,55,20,3.0,0.024743,-0.288280,353,0.291066,26.5906,1.013454,1571.46,0.085831,10247.43
