id,direction,signal_time,entry_time,exit_time,outcome,entry,stop,exit,risk,net_pnl,commission
1,BUY,2024-01-01 19:00,2024-01-01 20:00,2024-01-02 21:00,time,43517.98,43198.02,44788.27,319.96,383.21,13.80
2,BUY,2024-01-08 18:00,2024-01-08 19:00,2024-01-09 00:00,sl,46970.02,46235.05,46235.05,734.97,-110.42,6.58
3,SELL,2024-01-10 12:00,2024-01-10 13:00,2024-01-10 15:00,sl,44670.54,45489.06,45489.06,818.52,-108.39,5.66
4,BUY,2024-01-11 14:00,2024-01-11 15:00,2024-01-11 15:00,sl,48571.21,47579.68,47579.68,991.53,,
5,SELL,2024-01-12 14:00,2024-01-12 15:00,2024-01-15 14:00,time,45442.01,46031.36,42852.55,589.35,438.88,7.61
6,SELL,2024-01-18 19:00,2024-01-18 20:00,2024-01-19 06:00,sl,41022.33,41466.91,41466.91,444.58,-115.84,9.83
7,SELL,2024-01-19 16:00,2024-01-19 17:00,2024-01-19 17:00,sl,40395.00,40836.79,40836.79,441.79,,
8,SELL,2024-01-23 11:00,2024-01-23 12:00,2024-01-23 17:00,sl,38845.56,39462.40,39462.40,616.84,-111.45,6.65
9,BUY,2024-01-26 14:00,2024-01-26 15:00,2024-01-27 09:00,time,41588.00,41184.74,41470.01,403.26,-41.02,10.68
10,BUY,2024-01-28 04:00,2024-01-28 05:00,2024-01-28 05:00,sl,42720.33,42480.28,42480.28,240.05,,
11,BUY,2024-01-30 01:00,2024-01-30 02:00,2024-01-30 23:00,sl,43439.51,42996.60,42996.60,442.91,-113.25,10.07
12,SELL,2024-01-31 10:00,2024-01-31 11:00,2024-01-31 13:00,sl,42384.72,42773.33,42773.33,388.61,-113.23,11.18
13,BUY,2024-02-08 00:00,2024-02-08 01:00,2024-02-10 11:00,time,44676.02,44288.78,46884.22,387.24,563.55,11.93
14,BUY,2024-02-12 00:00,2024-02-12 01:00,2024-02-12 02:00,sl,48604.01,48209.81,48209.81,394.20,-119.64,13.08
15,BUY,2024-02-14 09:00,2024-02-14 10:00,2024-02-15 22:00,time,51551.10,50862.13,51327.27,688.97,-42.10,7.87
16,SELL,2024-02-17 13:00,2024-02-17 14:00,2024-02-17 20:00,sl,51188.80,51484.57,51484.57,295.77,-123.15,18.21
17,BUY,2024-02-18 22:00,2024-02-18 23:00,2024-02-19 16:00,sl,52239.79,51892.36,51892.36,347.43,-119.25,15.54
18,BUY,2024-02-26 16:00,2024-02-26 17:00,2024-02-29 18:00,time,53391.01,52947.21,60982.35,443.80,1740.33,13.21
19,BUY,2024-03-04 08:00,2024-03-04 09:00,2024-03-05 17:00,sl,65241.08,64374.75,64374.75,866.33,-128.89,8.97
20,BUY,2024-03-10 09:00,2024-03-10 10:00,2024-03-10 13:00,sl,69776.32,69284.41,69284.41,491.91,-135.40,16.77
21,BUY,2024-03-11 09:00,2024-03-11 10:00,2024-03-12 16:00,sl,71770.01,70781.03,70781.03,988.98,-125.73,8.45
22,BUY,2024-03-13 08:00,2024-03-13 09:00,2024-03-13 13:00,sl,73433.49,72270.93,72270.93,1162.56,-123.29,7.27
23,SELL,2024-03-16 18:00,2024-03-16 19:00,2024-03-17 15:00,time,67030.60,67920.48,67609.99,889.88,-83.42,8.68
24,SELL,2024-03-19 08:00,2024-03-19 09:00,2024-03-19 16:00,sl,63463.64,64882.39,64882.39,1418.75,-119.10,5.15
25,SELL,2024-03-19 23:00,2024-03-20 00:00,2024-03-20 11:00,sl,61937.41,63569.54,63569.54,1632.13,-117.09,4.34
26,SELL,2024-03-22 13:00,2024-03-22 14:00,2024-03-22 15:00,sl,63058.61,64132.41,64132.41,1073.80,-118.20,6.61
27,BUY,2024-03-23 16:00,2024-03-23 17:00,2024-03-23 20:00,sl,65661.33,64710.82,64710.82,950.51,-117.98,7.57
28,BUY,2024-03-24 21:00,2024-03-24 22:00,2024-03-29 06:00,time,66530.01,65743.23,70180.71,786.78,497.33,9.49
29,BUY,2024-03-31 23:00,2024-04-01 00:00,2024-04-01 01:00,sl,71280.00,70844.03,70844.03,435.97,-132.81,18.61
30,SELL,2024-04-01 15:00,2024-04-01 16:00,2024-04-01 18:00,sl,68237.15,68975.09,68975.09,737.94,-123.37,10.49
31,SELL,2024-04-02 02:00,2024-04-02 03:00,2024-04-03 05:00,time,66996.01,67977.61,66320.41,981.60,69.26,7.58
32,BUY,2024-04-04 14:00,2024-04-04 15:00,2024-04-05 05:00,sl,67691.98,67017.17,67017.17,674.81,-123.54,11.21
33,BUY,2024-04-07 16:00,2024-04-07 17:00,2024-04-07 18:00,sl,70074.01,69471.25,69471.25,602.76,-123.96,12.86
34,BUY,2024-04-08 09:00,2024-04-08 10:00,2024-04-08 14:00,sl,72197.26,71368.45,71368.45,828.81,-119.37,9.51
35,SELL,2024-04-09 14:00,2024-04-09 15:00,2024-04-10 20:00,time,69358.32,70228.68,70084.00,870.36,-99.30,8.70
36,SELL,2024-04-12 17:00,2024-04-12 18:00,2024-04-14 23:00,time,68140.01,68888.07,65330.29,748.06,394.80,9.61
37,SELL,2024-04-17 15:00,2024-04-17 16:00,2024-04-17 17:00,sl,60304.95,61358.19,61358.19,1053.24,-118.06,6.45
38,BUY,2024-04-18 14:00,2024-04-18 15:00,2024-04-18 17:00,sl,63816.56,62782.65,62782.65,1033.91,-117.20,6.76
39,BUY,2024-04-22 22:00,2024-04-22 23:00,2024-04-23 04:00,sl,67027.98,66308.49,66308.49,719.49,-119.39,10.12
40,SELL,2024-04-24 15:00,2024-04-24 16:00,2024-04-25 18:00,time,64610.10,65208.57,64703.99,598.47,-28.63,11.68
41,SELL,2024-04-29 03:00,2024-04-29 04:00,2024-04-29 14:00,sl,62279.68,62792.69,62792.69,513.01,-120.92,13.14
42,SELL,2024-04-30 09:00,2024-04-30 10:00,2024-05-03 13:00,time,61688.01,62561.12,60641.00,873.11,120.34,7.47
43,BUY,2024-05-03 13:00,2024-05-03 14:00,2024-05-06 13:00,time,61689.95,60833.28,63593.99,856.67,231.67,7.88
44,SELL,2024-05-08 20:00,2024-05-08 21:00,2024-05-09 15:00,sl,61570.00,62282.91,62282.91,712.91,-119.66,9.56
45,BUY,2024-05-15 15:00,2024-05-15 16:00,2024-05-16 15:00,time,64725.12,64003.70,65598.70,721.42,122.03,9.84
46,BUY,2024-05-17 14:00,2024-05-17 15:00,2024-05-19 17:00,time,66806.67,66198.55,66662.00,608.12,-38.28,12.08
47,BUY,2024-05-20 17:00,2024-05-20 18:00,2024-05-21 16:00,time,68331.51,67694.93,69827.00,636.58,245.89,11.91
48,SELL,2024-05-23 18:00,2024-05-23 19:00,2024-05-23 21:00,sl,67393.05,68139.31,68139.31,746.26,-122.38,10.19
49,BUY,2024-05-25 10:00,2024-05-25 11:00,2024-05-25 13:00,sl,69388.00,68938.04,68938.04,449.96,-128.03,17.06
50,SELL,2024-05-28 03:00,2024-05-28 04:00,2024-05-28 10:00,sl,68050.30,68810.68,68810.68,760.38,-119.56,9.87
51,SELL,2024-05-31 15:00,2024-05-31 16:00,2024-05-31 19:00,sl,67215.58,67737.72,67737.72,522.14,-122.52,14.02
52,BUY,2024-06-03 12:00,2024-06-03 13:00,2024-06-03 14:00,sl,69746.23,69184.03,69184.03,562.20,-120.52,13.25
53,BUY,2024-06-04 16:00,2024-06-04 17:00,2024-06-04 19:00,sl,70800.00,70209.91,70209.91,590.09,-118.74,12.67
54,BUY,2024-06-05 15:00,2024-06-05 16:00,2024-06-05 18:00,sl,71580.01,70969.77,70969.77,610.24,-117.13,12.25
55,SELL,2024-06-11 09:00,2024-06-11 10:00,2024-06-12 09:00,sl,67084.33,67778.30,67778.30,693.97,-113.78,10.08
56,BUY,2024-06-12 12:00,2024-06-12 13:00,2024-06-12 18:00,sl,69339.29,68740.99,68740.99,598.30,-114.40,11.84
57,SELL,2024-06-13 15:00,2024-06-13 16:00,2024-06-14 12:00,sl,66470.01,67278.29,67278.29,808.28,-109.82,8.39
58,SELL,2024-06-14 16:00,2024-06-14 17:00,2024-06-14 20:00,sl,65293.39,65859.06,65859.06,565.67,-111.96,11.63
59,SELL,2024-06-21 03:00,2024-06-21 04:00,2024-06-23 01:00,time,64506.15,65048.22,64476.44,542.07,-6.37,11.80
60,SELL,2024-06-23 23:00,2024-06-24 00:00,2024-06-25 15:00,time,63210.01,63463.92,61763.44,253.91,540.43,24.40
61,BUY,2024-06-25 18:00,2024-06-25 19:00,2024-06-26 08:00,sl,62159.09,61400.39,61400.39,758.70,-113.06,8.51
62,BUY,2024-06-30 22:00,2024-06-30 23:00,2024-07-02 08:00,time,62901.00,62458.13,62630.00,442.87,-77.94,14.66
63,SELL,2024-07-03 01:00,2024-07-03 02:00,2024-07-06 16:00,time,61617.90,62128.95,57317.99,511.05,851.64,11.94
64,BUY,2024-07-06 16:00,2024-07-06 17:00,2024-07-07 07:00,sl,57852.62,57277.24,57277.24,575.38,-122.27,11.12
65,SELL,2024-07-07 23:00,2024-07-08 00:00,2024-07-08 08:00,sl,55857.81,56481.10,56481.10,623.29,-119.84,9.91
66,SELL,2024-07-12 01:00,2024-07-12 02:00,2024-07-12 13:00,sl,56950.01,57721.84,57721.84,771.83,-116.81,8.08
67,BUY,2024-07-13 09:00,2024-07-13 10:00,2024-07-17 17:00,time,58678.02,58154.53,64242.01,523.49,1130.64,12.63
68,BUY,2024-07-19 16:00,2024-07-19 17:00,2024-07-22 15:00,time,66419.43,65700.34,66712.00,719.09,37.36,11.00
69,SELL,2024-07-25 02:00,2024-07-25 03:00,2024-07-25 16:00,sl,64208.00,65010.77,65010.77,802.77,-128.84,9.60
70,BUY,2024-07-26 02:00,2024-07-26 03:00,2024-07-29 17:00,time,67014.00,66169.62,66940.01,844.38,-19.69,9.36
71,SELL,2024-07-30 14:00,2024-07-30 15:00,2024-07-30 16:00,sl,65810.01,66507.46,66507.46,697.45,-128.93,11.17
72,SELL,2024-08-01 04:00,2024-08-01 05:00,2024-08-01 08:00,sl,63740.41,64543.42,64543.42,803.01,-125.77,9.30
73,SELL,2024-08-01 15:00,2024-08-01 16:00,2024-08-01 20:00,sl,62907.44,63660.74,63660.74,753.30,-124.89,9.68
74,SELL,2024-08-03 00:00,2024-08-03 01:00,2024-08-06 01:00,time,61132.01,62283.70,56037.99,1151.69,498.27,5.80
75,BUY,2024-08-06 16:00,2024-08-06 17:00,2024-08-07 17:00,sl,56775.51,55487.83,55487.83,1287.68,-124.13,5.19
76,BUY,2024-08-08 14:00,2024-08-08 15:00,2024-08-11 12:00,time,58922.25,57753.93,60669.14,1168.32,169.97,6.02
77,SELL,2024-08-11 19:00,2024-08-11 20:00,2024-08-12 12:00,time,59621.11,60192.28,59851.71,571.17,-60.70,12.49
78,BUY,2024-08-13 16:00,2024-08-13 17:00,2024-08-13 19:00,sl,61157.60,60305.46,60305.46,852.14,-127.26,8.47
79,SELL,2024-08-15 01:00,2024-08-15 02:00,2024-08-15 12:00,sl,58204.93,59062.46,59062.46,857.53,-125.56,8.04
80,SELL,2024-08-15 19:00,2024-08-15 20:00,2024-08-16 02:00,sl,57046.34,57927.50,57927.50,881.16,-123.85,7.59
81,SELL,2024-08-19 00:00,2024-08-19 01:00,2024-08-19 13:00,sl,58346.03,58856.45,58856.45,510.42,-128.24,13.21
82,BUY,2024-08-20 05:00,2024-08-20 06:00,2024-08-20 11:00,sl,61120.00,60405.03,60405.03,714.97,-123.42,9.67
83,BUY,2024-08-23 18:00,2024-08-23 19:00,2024-08-24 22:00,time,63152.59,62425.37,63612.36,727.22,61.33,9.81
84,SELL,2024-08-27 14:00,2024-08-27 15:00,2024-08-29 12:00,time,61851.01,62399.50,60067.06,548.49,355.37,12.57
85,BUY,2024-08-29 13:00,2024-08-29 14:00,2024-08-29 18:00,sl,60626.99,59964.56,59964.56,662.43,-127.30,10.62
86,SELL,2024-08-30 14:00,2024-08-30 15:00,2024-08-30 18:00,sl,58462.89,59135.80,59135.80,672.91,-125.49,10.08
87,BUY,2024-09-02 22:00,2024-09-02 23:00,2024-09-03 08:00,sl,59349.99,58747.70,58747.70,602.29,-125.34,11.19
88,SELL,2024-09-03 23:00,2024-09-04 00:00,2024-09-04 15:00,sl,57487.74,58062.29,58062.29,574.55,-124.25,11.35
89,SELL,2024-09-05 15:00,2024-09-05 16:00,2024-09-05 18:00,sl,55976.01,56619.61,56619.61,643.60,-121.42,9.77
90,SELL,2024-09-06 15:00,2024-09-06 16:00,2024-09-07 13:00,time,54045.00,54913.81,54578.72,868.81,-74.75,6.90
91,BUY,2024-09-09 19:00,2024-09-09 20:00,2024-09-11 04:00,sl,57089.53,56368.32,56368.32,721.21,-118.32,8.63
92,BUY,2024-09-13 21:00,2024-09-13 22:00,2024-09-14 11:00,sl,60283.85,59664.91,59664.91,618.94,-119.03,10.51
93,SELL,2024-09-16 00:00,2024-09-16 01:00,2024-09-16 08:00,sl,58666.36,59084.59,59084.59,418.23,-122.43,15.11
94,SELL,2024-09-16 14:00,2024-09-16 15:00,2024-09-16 17:00,sl,57604.00,58217.41,58217.41,613.41,-116.11,10.02
95,BUY,2024-09-17 15:00,2024-09-17 16:00,2024-09-17 18:00,sl,61135.49,60442.24,60442.24,693.25,-114.14,9.20
96,BUY,2024-09-19 12:00,2024-09-19 13:00,2024-09-22 03:00,time,62924.06,62044.55,62957.31,879.51,-3.50,7.43
97,SELL,2024-09-26 00:00,2024-09-26 01:00,2024-09-26 03:00,sl,62946.01,63445.97,63445.97,499.96,-116.88,13.12
98,BUY,2024-09-26 15:00,2024-09-26 16:00,2024-09-30 01:00,time,65229.03,64624.29,65463.86,604.74,28.75,11.09
99,SELL,2024-09-30 02:00,2024-09-30 03:00,2024-09-30 06:00,sl,64376.01,64748.17,64748.17,372.16,-120.73,17.85
100,SELL,2024-09-30 09:00,2024-09-30 10:00,2024-09-30 12:00,sl,63541.00,64045.71,64045.71,504.71,-114.52,12.85
101,SELL,2024-10-01 20:00,2024-10-01 21:00,2024-10-02 02:00,sl,60809.03,61621.29,61621.29,812.26,-108.10,7.58
102,BUY,2024-10-04 16:00,2024-10-04 17:00,2024-10-05 21:00,time,62243.99,61636.12,61723.39,607.87,-95.31,10.14
103,BUY,2024-10-07 01:00,2024-10-07 02:00,2024-10-07 03:00,sl,63819.00,63401.60,63401.60,417.40,-113.50,15.01
104,SELL,2024-10-09 18:00,2024-10-09 19:00,2024-10-10 12:00,time,61196.00,61664.52,61262.01,468.52,-26.44,12.72
105,SELL,2024-10-10 16:00,2024-10-10 17:00,2024-10-11 06:00,sl,60298.12,60830.93,60830.93,532.81,-108.13,11.04
106,BUY,2024-10-11 12:00,2024-10-11 13:00,2024-10-13 12:00,time,61379.01,60849.77,62561.34,529.24,203.25,11.24
107,BUY,2024-10-14 07:00,2024-10-14 08:00,2024-10-17 07:00,time,64620.87,63981.49,67162.87,639.38,379.69,10.10
108,SELL,2024-10-23 16:00,2024-10-23 17:00,2024-10-23 19:00,sl,65878.02,66420.96,66420.96,542.94,-114.25,12.41
109,BUY,2024-10-24 13:00,2024-10-24 14:00,2024-10-25 07:00,sl,67906.00,67301.23,67301.23,604.77,-111.95,11.26
110,BUY,2024-10-27 15:00,2024-10-27 16:00,2024-10-30 13:00,time,67792.00,67539.00,71862.17,253.00,1574.48,27.48
111,SELL,2024-10-31 15:00,2024-10-31 16:00,2024-11-01 14:00,time,70620.01,71317.00,71200.43,696.99,-107.77,11.73
112,SELL,2024-11-03 14:00,2024-11-03 15:00,2024-11-03 16:00,sl,67776.99,68298.75,68298.75,521.76,-129.14,14.90
113,BUY,2024-11-05 14:00,2024-11-05 15:00,2024-11-05 15:00,sl,69964.01,69256.99,69256.99,707.02,,
114,BUY,2024-11-06 00:00,2024-11-06 01:00,2024-11-09 17:00,time,71096.03,70067.80,76087.19,1028.23,539.94,8.08
115,BUY,2024-11-10 11:00,2024-11-10 12:00,2024-11-10 20:00,sl,79844.00,79039.80,79039.80,804.20,-129.98,11.69
116,BUY,2024-11-11 10:00,2024-11-11 11:00,2024-11-14 15:00,time,81984.19,80722.17,88720.03,1262.02,616.55,7.91
117,BUY,2024-11-15 21:00,2024-11-15 22:00,2024-11-16 15:00,sl,91678.78,90249.30,90249.30,1429.48,-131.00,7.84
118,BUY,2024-11-19 18:00,2024-11-19 19:00,2024-11-19 20:00,sl,93646.16,92535.60,92535.60,1110.56,-132.07,10.21
119,BUY,2024-11-20 14:00,2024-11-20 15:00,2024-11-20 16:00,sl,94627.41,93583.07,93583.07,1044.34,-131.39,10.86
120,BUY,2024-11-21 04:00,2024-11-21 05:00,2024-11-21 15:00,sl,97554.22,96278.51,96278.51,1275.71,-128.28,9.06
121,SELL,2024-11-25 21:00,2024-11-25 22:00,2024-11-27 11:00,time,93747.81,95002.75,93821.35,1254.94,-15.72,8.81
122,BUY,2024-11-27 14:00,2024-11-27 15:00,2024-11-30 11:00,time,94833.42,93782.97,96137.48,1050.45,135.51,10.71
123,SELL,2024-12-03 13:00,2024-12-03 14:00,2024-12-03 14:00,sl,93715.98,94595.88,94595.88,879.90,,
124,BUY,2024-12-04 19:00,2024-12-04 20:00,2024-12-05 19:00,time,97209.64,96217.63,100179.24,992.01,344.59,11.85
125,BUY,2024-12-11 13:00,2024-12-11 14:00,2024-12-12 20:00,time,98736.86,97608.64,99481.33,1128.22,70.08,10.76
126,BUY,2024-12-16 00:00,2024-12-16 01:00,2024-12-16 02:00,sl,105444.95,104482.90,104482.90,962.05,-136.66,13.44
127,BUY,2024-12-17 14:00,2024-12-17 15:00,2024-12-17 15:00,sl,108258.38,107272.98,107272.98,985.40,,
128,SELL,2024-12-18 19:00,2024-12-18 20:00,2024-12-21 06:00,time,102817.82,104173.62,98691.98,1355.80,361.55,9.05
129,BUY,2024-12-21 06:00,2024-12-21 07:00,2024-12-21 12:00,sl,98726.76,97151.23,97151.23,1575.53,-133.19,7.80
130,BUY,2024-12-24 14:00,2024-12-24 15:00,2024-12-26 08:00,time,97465.06,96290.06,97719.99,1175.00,16.61,10.30
131,SELL,2024-12-26 09:00,2024-12-26 10:00,2024-12-26 16:00,sl,95439.40,96498.30,96498.30,1058.90,-135.49,11.26
132,SELL,2024-12-27 07:00,2024-12-27 08:00,2024-12-27 08:00,sl,95104.76,96123.66,96123.66,1018.90,,
133,BUY,2025-01-02 08:00,2025-01-02 09:00,2025-01-03 09:00,time,96150.00,95346.05,96129.97,803.95,-17.75,14.69
134,BUY,2025-01-03 18:00,2025-01-03 19:00,2025-01-04 01:00,sl,98527.97,97837.56,97837.56,690.41,-140.08,17.44
135,BUY,2025-01-06 15:00,2025-01-06 16:00,2025-01-07 11:00,time,102147.95,101097.44,101406.78,1050.51,-97.29,11.75
136,SELL,2025-01-07 15:00,2025-01-07 16:00,2025-01-10 11:00,time,97952.26,98834.93,95215.73,882.67,359.71,13.16
137,SELL,2025-01-13 11:00,2025-01-13 12:00,2025-01-13 14:00,sl,90851.23,91873.25,91873.25,1022.02,-134.94,11.07
138,BUY,2025-01-14 08:00,2025-01-14 09:00,2025-01-16 15:00,time,95488.51,94139.17,97618.88,1349.34,184.67,8.77
139,BUY,2025-01-17 10:00,2025-01-17 11:00,2025-01-19 22:00,sl,102321.54,101130.02,101130.02,1191.52,-134.98,10.62
140,SELL,2025-01-23 01:00,2025-01-23 02:00,2025-01-23 14:00,sl,102931.94,104164.61,104164.61,1232.67,-133.35,10.33
141,SELL,2025-01-27 00:00,2025-01-27 01:00,2025-01-27 21:00,sl,101728.00,102342.96,102342.96,614.96,-141.87,20.19
142,BUY,2025-01-29 20:00,2025-01-29 21:00,2025-01-31 03:00,time,104193.92,103111.01,104341.73,1082.91,4.84,11.58
143,SELL,2025-01-31 19:00,2025-01-31 20:00,2025-02-03 16:00,time,102312.31,103346.55,98842.00,1034.24,391.99,11.70
144,BUY,2025-02-03 19:00,2025-02-03 20:00,2025-02-04 05:00,sl,101879.99,99288.09,99288.09,2591.90,-129.05,4.82
145,BUY,2025-02-11 05:00,2025-02-11 06:00,2025-02-11 13:00,sl,98412.24,97653.93,97653.93,758.31,-138.83,15.89
146,SELL,2025-02-11 18:00,2025-02-11 19:00,2025-02-11 21:00,sl,95469.28,96217.94,96217.94,748.66,-137.11,15.56
147,SELL,2025-02-18 18:00,2025-02-18 19:00,2025-02-18 21:00,sl,93924.03,94747.59,94747.59,823.56,-133.95,13.77
148,BUY,2025-02-20 02:00,2025-02-20 03:00,2025-02-21 18:00,time,97134.52,96424.64,96971.91,709.88,-43.47,16.25
149,SELL,2025-02-21 20:00,2025-02-21 21:00,2025-02-21 23:00,sl,95066.24,96069.14,96069.14,1002.90,-129.69,11.28
150,SELL,2025-02-23 14:00,2025-02-23 15:00,2025-02-23 22:00,sl,95593.88,95931.57,95931.57,337.69,-150.32,33.21
151,SELL,2025-02-24 23:00,2025-02-25 00:00,2025-02-27 11:00,time,91552.88,92689.06,87013.47,1136.18,452.80,9.08
152,SELL,2025-02-28 02:00,2025-02-28 03:00,2025-02-28 14:00,sl,80805.50,82505.54,82505.54,1700.04,-125.90,5.77
153,BUY,2025-03-01 02:00,2025-03-01 03:00,2025-03-02 15:00,time,85240.45,83517.82,85107.45,1722.63,-15.06,5.88
154,BUY,2025-03-02 17:00,2025-03-02 18:00,2025-03-02 18:00,sl,94093.74,92524.02,92524.02,1569.72,,
155,SELL,2025-03-04 01:00,2025-03-04 02:00,2025-03-04 18:00,time,83380.72,85850.20,85443.88,2469.48,-103.22,4.06
156,BUY,2025-03-05 10:00,2025-03-05 11:00,2025-03-05 15:00,sl,89926.07,88036.27,88036.27,1889.80,-123.20,5.54
157,BUY,2025-03-06 05:00,2025-03-06 06:00,2025-03-06 09:00,sl,92737.99,91023.50,91023.50,1714.49,-122.66,6.24
158,SELL,2025-03-09 12:00,2025-03-09 13:00,2025-03-11 09:00,time,84600.00,85200.38,81131.15,600.38,649.69,15.90
159,BUY,2025-03-12 12:00,2025-03-12 13:00,2025-03-12 13:00,sl,84069.01,82829.17,82829.17,1239.84,,
160,SELL,2025-03-13 17:00,2025-03-13 18:00,2025-03-13 22:00,sl,80063.99,81189.26,81189.26,1125.27,-130.37,8.72
161,BUY,2025-03-14 15:00,2025-03-14 16:00,2025-03-14 20:00,sl,84724.58,83786.82,83786.82,937.76,-131.16,10.81
162,BUY,2025-03-19 11:00,2025-03-19 12:00,2025-03-20 16:00,time,83881.40,83188.34,84691.27,693.06,124.63,14.48
163,SELL,2025-03-21 12:00,2025-03-21 13:00,2025-03-21 14:00,sl,83467.98,84153.39,84153.39,685.41,-134.99,14.71
164,BUY,2025-03-23 11:00,2025-03-23 12:00,2025-03-25 04:00,time,84680.00,84407.64,86520.89,272.36,766.50,37.38
165,SELL,2025-03-28 10:00,2025-03-28 11:00,2025-03-30 03:00,time,84941.49,85644.29,83330.00,702.80,275.13,15.16
166,BUY,2025-04-01 09:00,2025-04-01 10:00,2025-04-01 13:00,sl,84362.01,83541.03,83541.03,820.98,-142.58,13.23
167,BUY,2025-04-01 15:00,2025-04-01 16:00,2025-04-02 04:00,sl,85280.88,84478.71,84478.71,802.17,-141.46,13.54
168,BUY,2025-04-02 15:00,2025-04-02 16:00,2025-04-02 20:00,sl,86757.67,85852.49,85852.49,905.18,-138.57,12.06
169,SELL,2025-04-02 23:00,2025-04-03 00:00,2025-04-03 01:00,sl,82516.28,83940.04,83940.04,1423.76,-132.44,7.31
170,SELL,2025-04-03 12:00,2025-04-03 13:00,2025-04-03 23:00,sl,81949.06,83268.85,83268.85,1319.79,-131.55,7.75
171,SELL,2025-04-06 18:00,2025-04-06 19:00,2025-04-06 19:00,sl,79107.29,79851.84,79851.84,744.55,,
172,SELL,2025-04-06 22:00,2025-04-06 23:00,2025-04-07 01:00,sl,78063.67,79055.06,79055.06,991.39,-132.12,9.70
173,SELL,2025-04-07 04:00,2025-04-07 05:00,2025-04-07 13:00,sl,76989.92,78385.75,78385.75,1395.83,-127.84,6.74
174,BUY,2025-04-09 20:00,2025-04-09 21:00,2025-04-10 07:00,sl,83204.00,81322.05,81322.05,1881.95,-125.06,5.24
175,BUY,2025-04-11 17:00,2025-04-11 18:00,2025-04-13 14:00,time,83930.00,82649.62,83599.12,1280.38,-38.40,7.76
176,SELL,2025-04-15 23:00,2025-04-16 00:00,2025-04-16 14:00,sl,83643.99,84366.21,84366.21,722.22,-131.93,13.75
177,BUY,2025-04-19 13:00,2025-04-19 14:00,2025-04-19 15:00,sl,85472.53,85146.80,85146.80,325.73,-147.47,30.61
178,BUY,2025-04-21 01:00,2025-04-21 02:00,2025-04-21 11:00,sl,87293.08,86650.60,86650.60,642.48,-131.01,15.62
179,BUY,2025-04-21 14:00,2025-04-21 15:00,2025-04-21 16:00,sl,88208.37,87331.96,87331.96,876.41,-125.51,11.43
180,BUY,2025-04-22 13:00,2025-04-22 14:00,2025-04-24 08:00,time,90236.16,89388.86,92203.54,847.30,249.83,12.15
181,BUY,2025-04-25 11:00,2025-04-25 12:00,2025-04-26 09:00,time,94635.67,93853.76,94318.03,781.91,-60.78,13.93
182,SELL,2025-04-28 00:00,2025-04-28 01:00,2025-04-28 03:00,sl,93419.90,93895.39,93895.39,475.49,-137.31,22.60
183,BUY,2025-04-28 11:00,2025-04-28 12:00,2025-04-28 13:00,sl,95319.99,94668.44,94668.44,651.55,-129.87,16.53
184,BUY,2025-05-01 10:00,2025-05-01 11:00,2025-05-03 02:00,time,96169.01,95490.17,96493.93,678.84,37.73,15.90
185,SELL,2025-05-03 10:00,2025-05-03 11:00,2025-05-03 14:00,sl,95896.49,96404.08,96404.08,507.59,-133.72,21.30
186,SELL,2025-05-04 23:00,2025-05-05 00:00,2025-05-05 00:00,sl,94277.61,94773.86,94773.86,496.25,,
187,SELL,2025-05-05 01:00,2025-05-05 02:00,2025-05-05 05:00,sl,93929.00,94499.72,94499.72,570.72,-129.30,18.32
188,BUY,2025-05-06 23:00,2025-05-07 00:00,2025-05-07 18:00,sl,96834.02,96057.12,96057.12,776.90,-123.30,13.62
189,BUY,2025-05-08 00:00,2025-05-08 01:00,2025-05-12 15:00,time,97770.00,97036.34,102799.99,733.66,728.74,14.82
190,BUY,2025-05-13 19:00,2025-05-13 20:00,2025-05-14 00:00,sl,104792.21,103834.12,103834.12,958.09,-128.34,12.60
191,BUY,2025-05-18 14:00,2025-05-18 15:00,2025-05-18 18:00,sl,105270.98,104763.46,104763.46,507.52,-138.14,23.68
192,BUY,2025-05-20 19:00,2025-05-20 20:00,2025-05-23 07:00,time,107026.47,105876.54,110526.01,1149.93,333.43,10.70
193,BUY,2025-05-26 06:00,2025-05-26 07:00,2025-05-26 17:00,sl,109928.37,109053.12,109053.12,875.25,-130.97,14.56
194,SELL,2025-05-28 13:00,2025-05-28 14:00,2025-05-29 09:00,time,108068.45,108803.93,108492.50,735.48,-83.31,16.95
195,SELL,2025-05-29 19:00,2025-05-29 20:00,2025-05-31 15:00,time,105731.74,106683.02,104573.91,951.28,126.45,12.63
196,BUY,2025-06-03 14:00,2025-06-03 15:00,2025-06-03 16:00,sl,106550.01,105825.96,105825.96,724.05,-132.48,16.94
197,SELL,2025-06-05 17:00,2025-06-05 18:00,2025-06-06 10:00,time,103240.04,104022.15,103643.99,782.11,-74.09,15.11
198,BUY,2025-06-07 12:00,2025-06-07 13:00,2025-06-08 10:00,time,105465.22,104900.18,105140.00,565.04,-86.45,21.15
199,BUY,2025-06-09 10:00,2025-06-09 11:00,2025-06-10 15:00,time,107179.70,106604.82,108620.00,574.88,260.98,21.13
200,SELL,2025-06-12 11:00,2025-06-12 12:00,2025-06-12 14:00,sl,106900.95,107645.62,107645.62,744.67,-131.81,16.60
201,SELL,2025-06-12 20:00,2025-06-12 21:00,2025-06-13 17:00,time,105973.61,106929.78,105783.65,956.17,10.02,12.61
202,BUY,2025-06-16 07:00,2025-06-16 08:00,2025-06-17 00:00,sl,107061.80,106403.59,106403.59,658.21,-132.48,18.48
203,SELL,2025-06-17 11:00,2025-06-17 12:00,2025-06-20 08:00,time,105641.48,106584.64,105811.74,943.16,-32.97,12.63
204,SELL,2025-06-20 16:00,2025-06-20 17:00,2025-06-21 10:00,time,103670.61,104440.23,103843.37,769.62,-40.36,15.15
205,SELL,2025-06-21 19:00,2025-06-21 20:00,2025-06-21 20:00,sl,102245.11,102700.40,102700.40,455.29,,
206,SELL,2025-06-21 21:00,2025-06-21 22:00,2025-06-21 23:00,sl,101455.61,102047.31,102047.31,591.70,-131.04,19.23
207,SELL,2025-06-22 15:00,2025-06-22 16:00,2025-06-22 17:00,sl,98906.21,100227.08,100227.08,1320.87,-118.83,8.33
208,BUY,2025-06-23 18:00,2025-06-23 19:00,2025-06-26 14:00,time,102933.77,101776.27,106960.01,1157.50,370.32,9.91
209,BUY,2025-06-29 11:00,2025-06-29 12:00,2025-06-29 12:00,sl,108477.12,108190.26,108190.26,286.86,,
210,SELL,2025-07-01 10:00,2025-07-01 11:00,2025-07-01 14:00,sl,106490.42,107101.25,107101.25,610.83,-132.52,19.72
211,SELL,2025-07-01 19:00,2025-07-01 20:00,2025-07-01 21:00,sl,105398.52,106055.73,106055.73,657.21,-129.41,17.93
212,BUY,2025-07-02 10:00,2025-07-02 11:00,2025-07-02 12:00,sl,107848.95,107209.32,107209.32,639.63,-128.70,18.52
213,BUY,2025-07-02 14:00,2025-07-02 15:00,2025-07-04 05:00,time,108140.00,107495.78,108982.59,644.22,124.08,18.35
214,SELL,2025-07-04 13:00,2025-07-04 14:00,2025-07-06 13:00,sl,107970.22,108472.71,108472.71,502.49,-133.86,23.72
215,BUY,2025-07-10 16:00,2025-07-10 17:00,2025-07-12 16:00,time,112643.47,112019.33,117100.00,624.14,756.81,20.02
216,BUY,2025-07-13 14:00,2025-07-13 15:00,2025-07-15 02:00,time,118766.94,118237.51,118431.71,529.43,-99.75,26.07
217,SELL,2025-07-15 03:00,2025-07-15 04:00,2025-07-15 13:00,sl,117148.46,118349.90,118349.90,1201.44,-126.67,11.31
218,SELL,2025-07-15 14:00,2025-07-15 15:00,2025-07-15 16:00,sl,116008.20,117351.85,117351.85,1343.65,-124.01,9.91
219,BUY,2025-07-16 20:00,2025-07-16 21:00,2025-07-16 22:00,sl,119921.97,118908.28,118908.28,1013.69,-126.16,13.30
220,BUY,2025-07-26 10:00,2025-07-26 11:00,2025-07-28 14:00,time,117971.94,117358.45,118434.77,613.49,62.69,21.50
221,SELL,2025-07-31 23:00,2025-08-01 00:00,2025-08-03 11:00,time,115764.07,116531.79,113899.99,767.72,255.71,16.79
222,BUY,2025-08-03 18:00,2025-08-03 19:00,2025-08-05 07:00,sl,114380.41,113854.74,113854.74,525.67,-139.70,24.92
223,BUY,2025-08-06 14:00,2025-08-06 15:00,2025-08-07 02:00,sl,115187.96,114462.84,114462.84,725.12,-131.34,17.96
224,BUY,2025-08-07 10:00,2025-08-07 11:00,2025-08-07 16:00,sl,116347.23,115731.87,115731.87,615.36,-133.21,21.13
225,BUY,2025-08-07 19:00,2025-08-07 20:00,2025-08-08 04:00,sl,117461.99,116690.70,116690.70,771.29,-127.55,16.81
226,BUY,2025-08-10 23:00,2025-08-11 00:00,2025-08-11 20:00,time,119294.27,118599.01,119089.30,695.26,-51.04,18.77
227,BUY,2025-08-13 19:00,2025-08-13 20:00,2025-08-14 06:00,sl,122744.22,121717.04,121717.04,1027.18,-121.92,12.97
228,SELL,2025-08-14 12:00,2025-08-14 13:00,2025-08-17 05:00,time,118866.37,120123.35,118076.12,1256.98,57.58,10.15
229,SELL,2025-08-18 02:00,2025-08-18 03:00,2025-08-18 15:00,sl,115452.00,116081.34,116081.34,629.34,-128.24,19.92
230,SELL,2025-08-19 16:00,2025-08-19 17:00,2025-08-20 09:00,time,113388.31,114325.91,114010.00,937.60,-83.95,12.98
231,BUY,2025-08-22 15:00,2025-08-22 16:00,2025-08-23 11:00,sl,116370.75,115274.43,115274.43,1096.32,-117.41,11.22
232,SELL,2025-08-25 20:00,2025-08-25 21:00,2025-08-26 12:00,sl,109561.96,110761.56,110761.56,1199.60,-114.66,9.64
233,SELL,2025-08-29 08:00,2025-08-29 09:00,2025-08-29 12:00,sl,109628.02,110516.04,110516.04,888.02,-116.74,12.87
234,SELL,2025-08-29 13:00,2025-08-29 14:00,2025-08-30 16:00,time,109106.14,110042.26,108869.98,936.12,13.95,11.96
235,BUY,2025-08-31 00:00,2025-08-31 01:00,2025-08-31 04:00,sl,109389.09,108940.31,108940.31,448.78,-127.86,25.02
236,BUY,2025-09-03 14:00,2025-09-03 15:00,2025-09-04 02:00,sl,112261.37,111492.69,111492.69,768.68,-116.34,14.78
237,SELL,2025-09-04 14:00,2025-09-04 15:00,2025-09-04 21:00,sl,109842.01,110543.80,110543.80,701.79,-116.16,15.76
238,BUY,2025-09-05 12:00,2025-09-05 13:00,2025-09-05 14:00,sl,113214.78,112355.98,112355.98,858.80,-112.27,13.03
239,BUY,2025-09-09 06:00,2025-09-09 07:00,2025-09-09 14:00,sl,113022.62,112334.91,112334.91,687.71,-114.19,16.08
240,BUY,2025-09-10 12:00,2025-09-10 13:00,2025-09-13 17:00,time,113413.50,112757.08,115333.99,656.42,266.82,16.90
241,BUY,2025-09-17 05:00,2025-09-17 06:00,2025-09-17 10:00,sl,117108.31,116446.16,116446.16,662.15,-117.21,17.57
242,SELL,2025-09-19 14:00,2025-09-19 15:00,2025-09-23 09:00,time,115899.99,116440.00,113133.84,540.01,483.51,20.88
243,SELL,2025-09-25 11:00,2025-09-25 12:00,2025-09-26 18:00,time,111347.99,112068.73,109900.00,720.74,191.69,15.86
244,BUY,2025-09-28 22:00,2025-09-28 23:00,2025-09-30 10:00,time,111938.51,111491.28,112781.97,447.23,172.01,26.43
245,BUY,2025-10-01 11:00,2025-10-01 12:00,2025-10-04 19:00,time,116789.57,115938.16,121574.66,851.41,586.06,14.97
246,BUY,2025-10-05 04:00,2025-10-05 05:00,2025-10-05 09:00,sl,125172.81,124416.73,124416.73,756.08,-131.42,18.62
247,BUY,2025-10-06 18:00,2025-10-06 19:00,2025-10-06 21:00,sl,126011.18,125000.57,125000.57,1010.61,-125.33,13.85
248,SELL,2025-10-07 15:00,2025-10-07 16:00,2025-10-08 09:00,time,121846.01,122877.11,122381.84,1031.10,-70.34,13.06
249,SELL,2025-10-10 15:00,2025-10-10 16:00,2025-10-12 15:00,time,119018.99,119975.06,112338.11,956.07,752.13,13.25
250,BUY,2025-10-12 20:00,2025-10-12 21:00,2025-10-13 12:00,time,114927.97,113558.50,114180.00,1369.47,-73.72,9.79
251,SELL,2025-10-14 09:00,2025-10-14 10:00,2025-10-14 15:00,sl,111287.90,112450.46,112450.46,1162.56,-127.51,11.19
252,SELL,2025-10-17 07:00,2025-10-17 08:00,2025-10-17 16:00,sl,105633.75,107166.59,107166.59,1532.84,-123.02,7.99
253,BUY,2025-10-20 05:00,2025-10-20 06:00,2025-10-20 17:00,sl,111033.79,109981.60,109981.60,1052.19,-125.76,11.95
254,BUY,2025-10-21 14:00,2025-10-21 15:00,2025-10-21 20:00,sl,112170.52,110906.15,110906.15,1264.37,-122.48,9.93
255,BUY,2025-10-23 17:00,2025-10-23 18:00,2025-10-23 19:00,sl,111241.71,110143.41,110143.41,1098.30,-122.55,11.22
256,BUY,2025-10-26 11:00,2025-10-26 12:00,2025-10-27 21:00,time,113286.09,112805.27,114455.17,480.82,241.63,26.07
257,SELL,2025-10-29 15:00,2025-10-29 16:00,2025-10-31 05:00,time,111509.74,112408.37,110084.02,898.63,164.64,13.87
258,SELL,2025-11-03 04:00,2025-11-03 05:00,2025-11-05 13:00,time,107900.37,108748.87,102673.34,848.50,689.12,14.17
259,BUY,2025-11-09 19:00,2025-11-09 20:00,2025-11-11 08:00,time,104805.57,103926.56,104783.99,879.01,-17.40,14.43
260,SELL,2025-11-11 20:00,2025-11-11 21:00,2025-11-12 08:00,sl,102809.27,103934.71,103934.71,1125.44,-131.98,11.10
261,SELL,2025-11-12 16:00,2025-11-12 17:00,2025-11-13 01:00,sl,101442.62,102497.12,102497.12,1054.50,-131.12,11.56
262,SELL,2025-11-13 16:00,2025-11-13 17:00,2025-11-16 10:00,time,100633.13,101949.49,96629.74,1316.36,350.77,8.86
263,SELL,2025-11-20 16:00,2025-11-20 17:00,2025-11-22 23:00,time,87878.10,89200.98,85072.87,1322.88,250.23,7.96
264,BUY,2025-11-23 13:00,2025-11-23 14:00,2025-11-24 00:00,sl,86928.30,86078.74,86078.74,849.56,-136.91,12.65
265,BUY,2025-11-26 18:00,2025-11-26 19:00,2025-12-01 00:00,time,90145.69,89116.00,90360.01,1029.69,14.81,10.77
266,SELL,2025-12-01 02:00,2025-12-01 03:00,2025-12-02 13:00,sl,86722.30,87673.06,87673.06,950.76,-134.32,11.28
267,BUY,2025-12-02 14:00,2025-12-02 15:00,2025-12-04 14:00,time,89271.99,88258.87,92516.38,1013.12,378.80,10.92
268,SELL,2025-12-05 16:00,2025-12-05 17:00,2025-12-06 03:00,sl,88810.88,89804.61,89804.61,993.73,-136.76,11.28
269,BUY,2025-12-07 18:00,2025-12-07 19:00,2025-12-07 21:00,sl,91363.79,90499.98,90499.98,863.81,-137.18,13.07
270,SELL,2025-12-15 16:00,2025-12-15 17:00,2025-12-16 11:00,time,86400.00,87358.19,86980.01,958.19,-85.40,11.10
271,SELL,2025-12-18 19:00,2025-12-18 20:00,2025-12-18 21:00,sl,84483.80,85684.13,85684.13,1200.33,-130.53,8.64
272,BUY,2025-12-22 11:00,2025-12-22 12:00,2025-12-22 15:00,sl,89945.43,89256.90,89256.90,688.53,-136.28,15.69
273,SELL,2025-12-23 14:00,2025-12-23 15:00,2025-12-23 16:00,sl,86873.99,87642.94,87642.94,768.95,-132.75,13.53
274,BUY,2025-12-25 15:00,2025-12-25 16:00,2025-12-25 20:00,sl,88371.27,87975.42,87975.42,395.85,-144.15,26.26
275,BUY,2025-12-29 03:00,2025-12-29 04:00,2025-12-29 07:00,sl,90123.55,89621.46,89621.46,502.09,-137.30,20.84
276,SELL,2025-12-29 12:00,2025-12-29 13:00,2025-12-30 08:00,sl,87396.99,88193.46,88193.46,796.47,-127.77,12.69
277,BUY,2026-01-01 22:00,2026-01-01 23:00,2026-01-06 17:00,time,88645.57,88341.77,92692.32,303.80,1481.93,33.96
278,SELL,2026-01-07 18:00,2026-01-07 19:00,2026-01-09 15:00,sl,90901.38,91740.01,91740.01,838.63,-142.63,14.01
279,BUY,2026-01-13 15:00,2026-01-13 16:00,2026-01-16 16:00,time,93449.99,92692.77,94585.99,757.22,175.03,15.79
280,SELL,2026-01-19 00:00,2026-01-19 01:00,2026-01-19 08:00,sl,92711.02,93232.10,93232.10,521.08,-151.95,23.01
281,SELL,2026-01-20 05:00,2026-01-20 06:00,2026-01-21 16:00,time,91624.19,92174.88,90288.04,550.69,288.13,21.05
282,SELL,2026-01-25 03:00,2026-01-25 04:00,2026-01-27 20:00,sl,88960.36,89199.83,89199.83,239.47,-178.78,48.47
283,BUY,2026-01-28 13:00,2026-01-28 14:00,2026-01-28 14:00,sl,90257.91,89531.88,89531.88,726.03,,
284,SELL,2026-01-29 14:00,2026-01-29 15:00,2026-01-30 19:00,time,87014.40,87724.70,83931.13,710.30,542.08,15.46
285,SELL,2026-01-31 14:00,2026-01-31 15:00,2026-02-06 14:00,time,81480.00,82260.40,67316.82,780.40,2416.62,12.76
286,BUY,2026-02-08 12:00,2026-02-08 13:00,2026-02-08 16:00,sl,71249.65,70402.90,70402.90,846.75,-171.25,13.22
287,SELL,2026-02-11 10:00,2026-02-11 11:00,2026-02-11 13:00,sl,66531.99,67493.87,67493.87,961.88,-167.20,10.89
288,SELL,2026-02-12 17:00,2026-02-12 18:00,2026-02-12 22:00,sl,65414.00,66391.45,66391.45,977.45,-165.07,10.43
289,BUY,2026-02-13 15:00,2026-02-13 16:00,2026-02-15 14:00,time,68692.12,67822.94,68930.00,869.18,29.76,12.11
290,SELL,2026-02-17 14:00,2026-02-17 15:00,2026-02-17 16:00,sl,66875.06,67632.85,67632.85,757.79,-166.89,13.60
291,BUY,2026-02-20 09:00,2026-02-20 10:00,2026-02-20 11:00,sl,68218.85,67537.83,67537.83,681.02,-166.73,15.11
292,BUY,2026-02-21 14:00,2026-02-21 15:00,2026-02-21 22:00,sl,68450.01,68046.26,68046.26,403.75,-175.30,25.35
293,SELL,2026-02-23 00:00,2026-02-23 01:00,2026-02-25 02:00,time,66740.47,67144.73,65896.74,404.26,285.00,24.31
294,BUY,2026-02-25 14:00,2026-02-25 15:00,2026-02-26 17:00,time,66973.19,66108.12,66643.56,865.07,-69.22,11.67
295,SELL,2026-02-27 12:00,2026-02-27 13:00,2026-02-28 20:00,time,65928.01,66701.52,66362.01,773.51,-97.22,12.86
296,BUY,2026-03-04 09:00,2026-03-04 10:00,2026-03-05 16:00,time,71520.76,70170.59,71652.77,1350.17,6.69,7.92
297,SELL,2026-03-06 12:00,2026-03-06 13:00,2026-03-09 06:00,time,69907.00,70703.35,67911.15,796.35,361.63,12.93
298,BUY,2026-03-10 02:00,2026-03-10 03:00,2026-03-11 11:00,sl,70272.00,69227.01,69227.01,1044.99,-163.29,10.22
299,BUY,2026-03-13 12:00,2026-03-13 13:00,2026-03-13 15:00,sl,72784.73,71958.12,71958.12,826.61,-164.69,13.26
300,BUY,2026-03-17 00:00,2026-03-17 01:00,2026-03-17 03:00,sl,75318.48,74360.86,74360.86,957.62,-161.50,11.71
301,SELL,2026-03-18 13:00,2026-03-18 14:00,2026-03-20 04:00,time,72133.48,72845.60,70729.93,712.12,277.18,14.86
302,SELL,2026-03-21 23:00,2026-03-22 00:00,2026-03-22 02:00,sl,68918.12,69344.33,69344.33,426.21,-175.43,24.48
303,SELL,2026-03-22 11:00,2026-03-22 12:00,2026-03-22 13:00,sl,68217.94,68825.65,68825.65,607.71,-166.01,16.82
304,SELL,2026-03-22 21:00,2026-03-22 22:00,2026-03-23 03:00,sl,67899.97,68487.46,68487.46,587.49,-164.66,17.13
305,BUY,2026-03-25 11:00,2026-03-25 12:00,2026-03-25 15:00,sl,71678.97,70953.21,70953.21,725.76,-160.22,14.34
306,SELL,2026-03-26 11:00,2026-03-26 12:00,2026-03-28 08:00,time,69276.01,69951.36,66561.49,675.35,565.43,14.51
307,BUY,2026-03-30 04:00,2026-03-30 05:00,2026-03-30 17:00,sl,67616.28,66896.40,66896.40,719.88,-163.95,14.01
308,SELL,2026-04-02 03:00,2026-04-02 04:00,2026-04-02 17:00,sl,66576.25,67345.72,67345.72,769.47,-161.20,12.91
309,BUY,2026-04-04 15:00,2026-04-04 16:00,2026-04-05 00:00,sl,67383.66,67172.56,67172.56,211.10,-193.43,46.75
310,BUY,2026-04-05 23:00,2026-04-06 00:00,2026-04-06 23:00,time,69034.18,68536.58,68811.01,497.60,-84.97,20.05
311,SELL,2026-04-07 14:00,2026-04-07 15:00,2026-04-07 17:00,sl,67860.49,68511.24,68511.24,650.75,-158.98,15.08
312,BUY,2026-04-07 23:00,2026-04-08 00:00,2026-04-08 14:00,sl,71924.22,71015.67,71015.67,908.55,-153.51,11.19
313,BUY,2026-04-10 20:00,2026-04-10 21:00,2026-04-10 22:00,sl,73361.68,72702.10,72702.10,659.58,-156.36,15.59
314,BUY,2026-04-11 18:00,2026-04-11 19:00,2026-04-11 23:00,sl,73547.90,73183.94,73183.94,363.96,-167.28,28.06
315,SELL,2026-04-12 12:00,2026-04-12 13:00,2026-04-13 13:00,sl,71084.01,71680.74,71680.74,596.73,-153.99,16.45
316,BUY,2026-04-13 22:00,2026-04-13 23:00,2026-04-14 18:00,sl,74627.04,73828.60,73828.60,798.44,-148.64,12.64
317,BUY,2026-04-17 13:00,2026-04-17 14:00,2026-04-18 08:00,sl,77340.11,76556.52,76556.52,783.59,-147.72,13.21
318,SELL,2026-04-19 07:00,2026-04-19 08:00,2026-04-19 13:00,sl,75252.33,75715.80,75715.80,463.47,-154.70,21.67
319,BUY,2026-04-22 13:00,2026-04-22 14:00,2026-04-23 00:00,sl,78840.94,78087.65,78087.65,753.29,-145.19,13.70
320,BUY,2026-04-26 18:00,2026-04-26 19:00,2026-04-26 21:00,sl,78283.97,77964.51,77964.51,319.46,-161.84,31.80
321,SELL,2026-04-28 11:00,2026-04-28 12:00,2026-04-29 03:00,sl,76228.99,76739.97,76739.97,510.98,-147.64,19.22
322,BUY,2026-04-29 09:00,2026-04-29 10:00,2026-04-29 12:00,sl,77642.00,77148.61,77148.61,493.39,-146.86,19.91
323,BUY,2026-05-01 12:00,2026-05-01 13:00,2026-05-07 14:00,time,77896.01,77404.04,80503.69,491.97,644.87,20.20
324,SELL,2026-05-07 14:00,2026-05-07 15:00,2026-05-09 16:00,sl,80171.37,80772.09,80772.09,600.72,-149.60,17.67
325,BUY,2026-05-09 17:00,2026-05-09 18:00,2026-05-10 20:00,sl,80812.69,80510.92,80510.92,301.77,-165.29,34.86
326,BUY,2026-05-10 23:00,2026-05-11 00:00,2026-05-11 00:00,sl,82210.07,81687.76,81687.76,522.31,,
327,SELL,2026-05-12 15:00,2026-05-12 16:00,2026-05-12 19:00,sl,80336.01,80842.70,80842.70,506.69,-149.14,20.47
328,BUY,2026-05-14 16:00,2026-05-14 17:00,2026-05-14 20:00,sl,81888.40,81203.22,81203.22,685.18,-142.32,15.14
329,SELL,2026-05-15 13:00,2026-05-15 14:00,2026-05-15 17:00,sl,78758.59,79453.39,79453.39,694.80,-140.08,14.32
330,SELL,2026-05-16 06:00,2026-05-16 07:00,2026-05-17 11:00,time,78648.00,79148.06,78465.99,500.06,25.73,19.54
331,SELL,2026-05-22 18:00,2026-05-22 19:00,2026-05-23 19:00,time,76537.47,76976.32,75845.82,438.85,174.76,21.64
332,SELL,2026-05-26 22:00,2026-05-26 23:00,2026-05-28 22:00,time,75749.02,76433.13,73817.31,684.11,342.99,13.81
333,SELL,2026-06-01 13:00,2026-06-01 14:00,2026-06-01 23:00,time,71711.89,72359.38,71407.99,647.49,46.57,14.34
