symbol,window,trade_id,direction,outcome,net_pnl,realized_r,consec_loss,in_streak_ge_n,same_side_run,same_side_loss_run,atr_pct,channel_atr,breakout_atr,adx,bars_held,bars_since_prev_exit
BTCUSDT,2024-2026,1,BUY,time,531.1985,5.4549,0,0,1,0,0.004755,3.9030,1.2446,18.0282,26.00,
BTCUSDT,2024-2026,2,SELL,time,50.3908,0.5526,0,0,1,0,0.008966,3.2657,2.2895,26.6232,25.00,15.00
BTCUSDT,2024-2026,3,BUY,sl,-120.5899,-1.0000,1,0,1,1,0.004758,4.0808,0.7100,10.0825,1.00,73.00
BTCUSDT,2024-2026,4,SELL,sl,-115.8329,-1.0000,2,0,1,1,0.006243,3.3552,0.7423,17.2630,3.00,12.00
BTCUSDT,2024-2026,5,BUY,time,296.8914,2.9576,0,0,1,0,0.007728,3.7848,0.4505,18.4766,25.00,6.00
BTCUSDT,2024-2026,6,SELL,sl,-112.2816,-1.0000,1,0,1,1,0.012216,5.9070,0.1432,49.0906,2.00,24.00
BTCUSDT,2024-2026,8,SELL,time,454.6507,4.3937,0,0,2,0,0.008646,8.7353,0.2427,12.7058,71.00,48.00
BTCUSDT,2024-2026,9,BUY,sl,-119.9207,-1.0000,1,0,1,1,0.007208,4.1695,0.0161,22.5704,3.00,5.00
BTCUSDT,2024-2026,10,BUY,sl,-118.5210,-1.0000,2,0,2,2,0.007273,4.3810,0.0022,11.7441,3.00,24.00
BTCUSDT,2024-2026,11,SELL,time,30.8029,0.4080,0,0,1,0,0.005489,3.1672,1.0931,21.3664,26.00,40.00
BTCUSDT,2024-2026,12,SELL,time,698.7375,6.6702,0,0,2,0,0.003542,2.8246,0.7113,11.5756,46.00,55.00
BTCUSDT,2024-2026,13,BUY,sl,-123.4090,-1.0000,1,0,1,1,0.008754,4.7981,0.2899,29.3150,3.00,11.00
BTCUSDT,2024-2026,14,BUY,time,239.7774,2.2305,0,0,2,0,0.005710,3.7074,1.2105,13.7945,22.00,45.00
BTCUSDT,2024-2026,16,BUY,sl,-126.9610,-1.0000,1,1,3,1,0.006875,3.4563,1.8612,17.5827,30.00,56.00
BTCUSDT,2024-2026,17,SELL,sl,-127.2179,-1.0000,2,1,1,1,0.006040,4.7646,0.0352,26.4456,5.00,11.00
BTCUSDT,2024-2026,18,SELL,sl,-121.7151,-1.0000,3,1,2,2,0.008977,4.0838,0.6297,27.5796,12.00,11.00
BTCUSDT,2024-2026,19,SELL,sl,-140.2173,-1.0000,4,1,3,3,0.002655,4.5597,1.0254,19.5183,2.00,65.00
BTCUSDT,2024-2026,21,BUY,sl,-123.6131,-1.0000,5,1,1,1,0.005596,4.4293,0.6114,25.1875,1.00,29.00
BTCUSDT,2024-2026,22,BUY,time,1200.9585,11.1396,0,0,2,0,0.004656,3.6634,0.4934,18.5773,65.00,51.00
BTCUSDT,2024-2026,23,BUY,sl,-135.2744,-1.0000,1,0,3,1,0.005752,4.9091,1.2528,27.8947,3.00,17.00
BTCUSDT,2024-2026,24,BUY,sl,-134.6521,-1.0000,2,0,4,2,0.005407,5.3667,0.0432,19.0365,1.00,18.00
BTCUSDT,2024-2026,26,BUY,time,92.3408,0.8558,0,0,5,0,0.008736,4.3885,1.1523,18.6197,37.00,55.00
BTCUSDT,2024-2026,27,SELL,sl,-140.1787,-1.0000,1,1,1,1,0.003852,5.4371,1.5782,14.8239,6.00,40.00
BTCUSDT,2024-2026,28,BUY,sl,-135.7345,-1.0000,2,1,1,1,0.004434,5.7330,0.7374,11.2169,17.00,27.00
BTCUSDT,2024-2026,30,SELL,time,-82.2254,-0.6023,3,1,1,1,0.006502,3.3982,0.0750,11.7582,33.00,88.00
BTCUSDT,2024-2026,31,BUY,time,-87.8874,-0.5703,4,1,1,1,0.003527,4.4696,1.1031,16.2552,23.00,1.00
BTCUSDT,2024-2026,32,SELL,sl,-136.0823,-1.0000,5,1,1,1,0.003629,3.6496,0.1594,18.0683,5.00,16.00
BTCUSDT,2024-2026,33,BUY,time,2305.1319,20.4430,0,0,1,0,0.005024,3.9823,3.3293,25.5261,74.00,2.00
BTCUSDT,2024-2026,34,BUY,sl,-154.2431,-1.0000,1,1,2,1,0.005143,4.0845,0.6342,17.5672,7.00,71.00
BTCUSDT,2024-2026,35,BUY,sl,-145.1653,-1.0000,2,1,3,2,0.008853,5.1597,1.6294,47.6144,32.00,9.00
BTCUSDT,2024-2026,36,SELL,sl,-137.3699,-1.0000,3,1,1,1,0.024119,3.8006,1.3230,37.5261,1.00,3.00
BTCUSDT,2024-2026,38,BUY,sl,-152.5556,-1.0000,4,1,1,1,0.004308,4.5311,0.6281,20.7620,9.00,104.00
BTCUSDT,2024-2026,39,BUY,time,-78.2907,-0.5266,5,1,2,2,0.009138,4.4109,1.7448,31.2296,33.00,18.00
BTCUSDT,2024-2026,40,BUY,sl,-137.9998,-1.0000,6,1,3,3,0.010554,5.8854,0.3242,21.9681,4.00,16.00
BTCUSDT,2024-2026,41,SELL,sl,-138.4026,-1.0000,7,1,1,1,0.008690,4.1614,0.6026,18.8079,8.00,27.00
BTCUSDT,2024-2026,42,SELL,time,-92.3671,-0.6511,8,1,2,2,0.008850,5.9483,0.1526,22.9696,20.00,43.00
BTCUSDT,2024-2026,43,SELL,time,41.9540,0.3913,0,0,3,0,0.011297,3.2138,0.9592,16.6774,41.00,35.00
BTCUSDT,2024-2026,44,BUY,time,-9.3207,-0.0350,1,0,1,1,0.017237,4.3926,0.0251,19.3763,22.00,1.00
BTCUSDT,2024-2026,45,SELL,time,-49.1446,-0.3269,2,0,1,1,0.010844,4.5432,0.4237,21.1120,20.00,18.00
BTCUSDT,2024-2026,46,BUY,sl,-134.6509,-1.0000,3,0,1,1,0.009651,5.2709,0.0968,17.6896,3.00,9.00
BTCUSDT,2024-2026,47,BUY,time,635.7251,5.1876,0,0,2,0,0.007806,4.4024,0.2243,16.6442,105.00,25.00
BTCUSDT,2024-2026,48,SELL,sl,-145.4261,-1.0000,1,0,1,1,0.006091,4.7134,0.9161,17.6806,6.00,10.00
BTCUSDT,2024-2026,49,BUY,sl,-156.1357,-1.0000,2,0,1,1,0.003243,3.4239,0.1076,12.2067,23.00,32.00
BTCUSDT,2024-2026,50,SELL,sl,-139.9048,-1.0000,3,0,1,1,0.007210,5.5991,0.7608,35.1552,2.00,11.00
BTCUSDT,2024-2026,51,SELL,time,78.5401,0.6883,0,0,2,0,0.009768,5.0476,1.6303,30.0246,26.00,9.00
BTCUSDT,2024-2026,52,BUY,sl,-140.2858,-1.0000,1,0,1,1,0.006554,4.1734,0.7682,19.8067,15.00,33.00
BTCUSDT,2024-2026,53,BUY,time,443.9468,3.6740,0,0,2,0,0.004493,3.7651,1.8435,24.9938,56.00,42.00
BTCUSDT,2024-2026,54,SELL,time,-119.1949,-0.8338,1,0,1,1,0.008366,5.5518,0.3762,28.0356,29.00,8.00
BTCUSDT,2024-2026,55,BUY,sl,-139.2556,-1.0000,2,0,1,1,0.008543,4.3450,0.6506,27.9576,15.00,3.00
BTCUSDT,2024-2026,56,SELL,time,778.7052,6.1970,0,0,1,0,0.006119,3.9852,0.7012,19.1472,56.00,25.00
BTCUSDT,2024-2026,57,BUY,sl,-143.2206,-1.0000,1,0,1,1,0.011806,4.7579,0.7598,24.1907,7.00,8.00
BTCUSDT,2024-2026,58,SELL,sl,-142.8046,-1.0000,2,0,1,1,0.010476,4.5158,0.4990,22.3498,20.00,49.00
BTCUSDT,2024-2026,59,BUY,sl,-140.8982,-1.0000,3,0,1,1,0.010801,5.6722,0.3318,23.1232,2.00,4.00
BTCUSDT,2024-2026,60,BUY,sl,-136.7327,-1.0000,4,0,2,2,0.016105,4.3402,0.4874,21.6391,16.00,14.00
BTCUSDT,2024-2026,61,BUY,time,54.0398,0.5116,0,0,3,0,0.006972,3.1831,0.0173,16.5583,58.00,53.00
BTCUSDT,2024-2026,62,SELL,time,106.0174,0.9254,0,0,1,0,0.005862,3.5672,1.3884,13.9327,27.00,1.00
BTCUSDT,2024-2026,63,SELL,time,-54.7268,-0.3274,1,0,2,1,0.007549,4.1944,0.2422,13.6486,17.00,31.00
BTCUSDT,2024-2026,64,SELL,sl,-148.2543,-1.0000,2,0,3,2,0.005096,4.9722,0.2337,21.0045,14.00,33.00
BTCUSDT,2024-2026,66,SELL,time,146.2320,1.1992,0,0,4,0,0.009436,5.0998,0.1332,22.1354,75.00,17.00
BTCUSDT,2024-2026,67,BUY,time,281.5221,2.2226,0,0,1,0,0.009258,5.6349,1.5945,23.8965,71.00,1.00
BTCUSDT,2024-2026,68,SELL,sl,-145.3210,-1.0000,1,0,1,1,0.007778,4.3810,0.1461,27.1342,17.00,2.00
BTCUSDT,2024-2026,69,SELL,time,16.3224,0.2079,0,0,2,0,0.007874,3.5106,0.7906,22.4366,40.00,16.00
BTCUSDT,2024-2026,70,BUY,sl,-143.7857,-1.0000,1,0,1,1,0.007780,4.4539,0.9300,30.5341,15.00,7.00
BTCUSDT,2024-2026,71,BUY,sl,-145.3475,-1.0000,2,0,2,2,0.006087,3.3680,1.1764,15.0840,22.00,66.00
BTCUSDT,2024-2026,72,BUY,time,374.8473,2.9975,0,0,3,0,0.006422,4.5342,1.8514,33.1795,26.00,31.00
BTCUSDT,2024-2026,73,BUY,time,-46.3592,-0.2379,1,0,4,1,0.006068,5.3014,0.1348,39.9071,50.00,24.00
BTCUSDT,2024-2026,74,SELL,sl,-151.1743,-1.0000,2,0,1,1,0.004863,3.6701,1.5176,18.1550,5.00,3.00
BTCUSDT,2024-2026,75,BUY,time,333.7897,2.6525,0,0,1,0,0.006033,4.4790,1.1911,16.7648,23.00,16.00
BTCUSDT,2024-2026,76,SELL,time,-66.1002,-0.3973,1,1,1,1,0.007159,3.7442,1.6548,13.6899,26.00,46.00
BTCUSDT,2024-2026,77,BUY,sl,-154.6620,-1.0000,2,1,1,1,0.004323,8.8337,0.4600,17.9934,2.00,19.00
BTCUSDT,2024-2026,78,SELL,sl,-155.0138,-1.0000,3,1,1,1,0.003937,3.3127,0.5582,18.4005,3.00,33.00
BTCUSDT,2024-2026,79,BUY,sl,-146.9419,-1.0000,4,1,1,1,0.005440,3.5835,2.2824,18.9016,3.00,15.00
BTCUSDT,2024-2026,80,SELL,sl,-141.1436,-1.0000,5,1,1,1,0.007449,5.0492,0.1533,19.6722,6.00,9.00
BTCUSDT,2024-2026,81,BUY,sl,-142.6920,-1.0000,6,1,1,1,0.005818,3.5311,0.2245,16.4970,19.00,52.00
BTCUSDT,2024-2026,82,SELL,sl,-143.0192,-1.0000,7,1,1,1,0.005179,6.4223,0.1404,12.5597,3.00,7.00
BTCUSDT,2024-2026,83,SELL,sl,-161.4882,-1.0000,8,1,2,2,0.002306,2.2723,0.1717,11.1269,1.00,39.00
BTCUSDT,2024-2026,84,BUY,time,481.1116,4.0321,0,0,1,0,0.004838,3.6302,0.0483,16.5845,90.00,15.00
BTCUSDT,2024-2026,85,SELL,time,4.6051,0.1557,0,0,1,0,0.005559,4.8435,0.8094,18.3139,43.00,22.00
BTCUSDT,2024-2026,87,SELL,time,237.8605,1.9936,0,0,2,0,0.004723,3.1537,1.3811,20.0553,32.00,37.00
BTCUSDT,2024-2026,88,BUY,sl,-145.7933,-1.0000,1,1,1,1,0.005752,5.0342,3.2098,30.3883,5.00,3.00
BTCUSDT,2024-2026,89,SELL,sl,-139.9462,-1.0000,2,1,1,1,0.008107,5.6212,0.9278,25.2352,20.00,22.00
BTCUSDT,2024-2026,90,SELL,sl,-142.6745,-1.0000,3,1,2,2,0.005776,5.8272,2.5414,19.5588,3.00,5.00
BTCUSDT,2024-2026,92,SELL,sl,-146.4585,-1.0000,4,1,3,3,0.004178,3.8565,0.7924,21.1975,7.00,62.00
BTCUSDT,2024-2026,93,BUY,sl,-137.2537,-1.0000,5,1,1,1,0.006640,4.1942,0.2307,27.0942,1.00,2.00
BTCUSDT,2024-2026,94,BUY,sl,-142.6635,-1.0000,6,1,2,2,0.004261,3.7831,0.4679,20.7341,5.00,60.00
BTCUSDT,2024-2026,95,SELL,time,-7.8271,0.0548,7,1,1,1,0.005602,5.3234,0.1467,20.5520,45.00,15.00
BTCUSDT,2024-2026,96,SELL,time,1973.2820,16.6174,0,0,2,0,0.001518,3.4115,0.2301,13.5911,48.00,14.00
BTCUSDT,2024-2026,97,BUY,sl,-153.1760,-1.0000,1,0,1,1,0.008137,7.3784,0.0496,27.3842,13.00,4.00
BTCUSDT,2024-2026,98,BUY,sl,-158.2411,-1.0000,2,0,2,2,0.005132,4.3169,0.0314,17.7321,5.00,30.00
BTCUSDT,2024-2026,99,SELL,sl,-152.2663,-1.0000,3,0,1,1,0.006756,4.2815,1.2955,22.4380,4.00,25.00
BTCUSDT,2024-2026,100,BUY,time,506.1942,3.9153,0,0,1,0,0.003050,2.7738,1.6202,17.9679,48.00,32.00
BTCUSDT,2024-2026,101,SELL,time,1410.4627,10.0553,0,0,1,0,0.005042,4.6697,1.1696,21.4472,97.00,7.00
BTCUSDT,2024-2026,102,BUY,sl,-171.7964,-1.0000,1,0,1,1,0.006630,7.9020,1.0728,17.7957,14.00,1.00
BTCUSDT,2024-2026,103,SELL,sl,-168.3730,-1.0000,2,0,1,1,0.007439,5.4509,0.8476,24.3880,8.00,17.00
BTCUSDT,2024-2026,104,BUY,sl,-164.7329,-1.0000,3,0,1,1,0.008460,3.9966,2.0942,22.7956,4.00,45.00
BTCUSDT,2024-2026,105,SELL,sl,-162.3492,-1.0000,4,0,1,1,0.009035,5.0529,0.1943,12.2423,11.00,41.00
BTCUSDT,2024-2026,106,BUY,time,1571.4378,10.6287,0,0,1,0,0.005948,5.1864,0.4337,14.7659,103.00,21.00
BTCUSDT,2024-2026,107,SELL,sl,-181.3212,-1.0000,1,0,1,1,0.006873,4.1194,0.3730,13.7631,11.00,23.00
BTCUSDT,2024-2026,108,BUY,time,378.8101,2.4195,0,0,1,0,0.006667,4.3124,0.0567,21.8582,73.00,11.00
BTCUSDT,2024-2026,109,SELL,sl,-182.6364,-1.0000,1,1,1,1,0.007255,3.9730,0.2739,17.3786,3.00,15.00
BTCUSDT,2024-2026,111,SELL,time,-135.5632,-0.7361,2,1,2,2,0.007962,4.3746,0.1983,22.2953,16.00,8.00
BTCUSDT,2024-2026,112,SELL,sl,-177.5468,-1.0000,3,1,3,3,0.008071,3.8257,1.2163,23.1349,18.00,17.00
BTCUSDT,2024-2026,113,BUY,time,-27.0704,-0.0876,4,1,1,1,0.008400,5.5306,0.7887,32.3651,86.00,7.00
BTCUSDT,2024-2026,114,SELL,sl,-177.2346,-1.0000,5,1,1,1,0.007065,9.0716,0.1118,40.0630,1.00,22.00
BTCUSDT,2024-2026,115,SELL,time,2017.3054,12.6832,0,0,2,0,0.007426,3.3954,0.0946,32.6067,125.00,28.00
BTCUSDT,2024-2026,116,BUY,sl,-188.1385,-1.0000,1,0,1,1,0.015120,8.2273,0.1980,20.5996,24.00,16.00
BTCUSDT,2024-2026,118,BUY,time,257.5429,1.4952,0,0,2,0,0.013219,5.0424,0.5601,23.5169,69.00,22.00
BTCUSDT,2024-2026,119,SELL,time,76.5621,0.5409,0,0,1,0,0.005649,4.9781,0.1176,20.1576,20.00,4.00
BTCUSDT,2024-2026,120,BUY,sl,-194.6393,-1.0000,1,1,1,1,0.009289,5.1243,0.7860,24.1404,2.00,29.00
BTCUSDT,2024-2026,121,SELL,sl,-192.0340,-1.0000,2,1,1,1,0.009822,5.8893,0.3993,27.7834,10.00,31.00
BTCUSDT,2024-2026,122,SELL,sl,-189.4248,-1.0000,3,1,2,2,0.010297,6.2076,0.8122,27.1393,6.00,8.00
BTCUSDT,2024-2026,124,SELL,sl,-196.7913,-1.0000,4,1,3,3,0.005604,3.5770,2.0960,25.3428,13.00,70.00
BTCUSDT,2024-2026,125,BUY,sl,-188.7174,-1.0000,5,1,1,1,0.007736,4.4508,1.3102,26.8279,13.00,12.00
BTCUSDT,2024-2026,126,BUY,sl,-186.2246,-1.0000,6,1,2,2,0.007975,4.9037,1.2505,21.7045,4.00,30.00
BTCUSDT,2024-2026,127,BUY,time,136.0449,0.8921,0,0,3,0,0.007265,4.8512,1.4847,30.5517,28.00,42.00
BTCUSDT,2024-2026,128,SELL,time,1495.5904,8.8740,0,0,1,0,0.004316,4.4598,0.1630,23.7620,77.00,33.00
BTCUSDT,2024-2026,129,BUY,sl,-203.3569,-1.0000,1,1,1,1,0.007284,5.9734,0.2899,33.9769,4.00,2.00
BTCUSDT,2024-2026,130,SELL,sl,-200.4669,-1.0000,2,1,1,1,0.007673,5.5326,0.4951,26.0067,3.00,21.00
BTCUSDT,2024-2026,131,SELL,sl,-215.6564,-1.0000,3,1,2,2,0.003660,3.5579,0.7455,16.6568,41.00,33.00
BTCUSDT,2024-2026,132,BUY,sl,-197.8631,-1.0000,4,1,1,1,0.006765,5.3454,0.1885,21.5898,9.00,3.00
BTCUSDT,2024-2026,133,SELL,sl,-196.1390,-1.0000,5,1,1,1,0.006663,5.8524,0.2096,23.2573,15.00,16.00
BTCUSDT,2024-2026,134,SELL,sl,-191.6742,-1.0000,6,1,2,2,0.007665,5.4336,0.4932,29.7242,2.00,25.00
BTCUSDT,2024-2026,135,SELL,time,20.9588,0.1855,0,0,3,0,0.010195,3.7096,0.9798,29.8810,22.00,21.00
BTCUSDT,2024-2026,136,SELL,sl,-198.1124,-1.0000,1,0,4,1,0.004957,3.8930,0.4773,15.9713,1.00,27.00
BTCUSDT,2024-2026,138,BUY,time,-56.2072,-0.2501,2,0,1,1,0.008790,4.3749,1.2724,27.3073,37.00,24.00
BTCUSDT,2024-2026,139,SELL,sl,-184.5642,-1.0000,3,0,1,1,0.009129,3.8209,0.7074,21.3198,1.00,8.00
BTCUSDT,2024-2026,140,BUY,time,340.9193,2.0776,0,0,1,0,0.009252,4.6461,0.1736,21.5017,88.00,11.00
BTCUSDT,2024-2026,141,SELL,time,193.1675,1.2657,0,0,1,0,0.004359,3.8944,1.0087,18.6601,30.00,6.00
BTCUSDT,2024-2026,142,BUY,time,1114.7028,6.4606,0,0,1,0,0.006483,4.3907,0.1475,28.2065,112.00,5.00
BTCUSDT,2024-2026,143,SELL,sl,-225.2086,-1.0000,1,1,1,1,0.003226,3.9638,0.2722,11.4086,7.00,7.00
BTCUSDT,2024-2026,144,BUY,sl,-207.6560,-1.0000,2,1,1,1,0.005243,3.3758,0.9602,14.7467,1.00,6.00
BTCUSDT,2024-2026,145,BUY,sl,-199.1484,-1.0000,3,1,2,2,0.007146,3.5709,0.7698,14.4573,2.00,4.00
BTCUSDT,2024-2026,146,BUY,sl,-199.4795,-1.0000,4,1,3,3,0.006218,3.2517,0.7312,15.4170,11.00,38.00
BTCUSDT,2024-2026,147,SELL,sl,-200.7825,-1.0000,5,1,1,1,0.005295,5.6132,0.0032,23.3583,2.00,18.00
BTCUSDT,2024-2026,148,BUY,time,49.3933,0.3883,0,0,1,0,0.006181,6.2754,0.0720,22.2774,81.00,13.00
BTCUSDT,2024-2026,149,SELL,time,342.7343,2.1252,0,0,1,0,0.003565,4.2538,1.4034,15.2372,29.00,1.00
BTCUSDT,2024-2026,150,SELL,sl,-193.7423,-1.0000,1,1,2,1,0.008905,5.6114,0.5226,49.6755,5.00,14.00
BTCUSDT,2024-2026,151,BUY,sl,-197.6636,-1.0000,2,1,1,1,0.006085,4.8244,0.7588,19.7907,1.00,59.00
BTCUSDT,2024-2026,152,BUY,time,-168.9191,-0.8564,3,1,2,2,0.006511,5.3705,0.5910,19.0680,28.00,3.00
BTCUSDT,2024-2026,154,BUY,sl,-201.7584,-1.0000,4,1,3,3,0.004228,4.7356,2.6110,34.1329,8.00,28.00
BTCUSDT,2024-2026,155,BUY,sl,-189.5304,-1.0000,5,1,4,4,0.006649,4.8139,0.0510,29.8621,3.00,6.00
BTCUSDT,2024-2026,156,SELL,sl,-184.4748,-1.0000,6,1,1,1,0.008147,4.2931,0.1539,22.8614,13.00,6.00
BTCUSDT,2024-2026,157,SELL,time,-45.7872,-0.1409,7,1,2,2,0.005104,5.0117,1.4042,26.4825,17.00,30.00
BTCUSDT,2024-2026,158,SELL,sl,-187.2514,-1.0000,8,1,3,3,0.005891,5.9433,0.0081,36.5304,13.00,5.00
BTCUSDT,2024-2026,159,BUY,time,351.9732,2.2340,0,0,1,0,0.005748,6.7333,0.1625,24.1213,47.00,7.00
BTCUSDT,2024-2026,160,SELL,sl,-204.5255,-1.0000,1,0,1,1,0.003266,4.7206,1.3308,24.2872,1.00,3.00
BTCUSDT,2024-2026,161,BUY,time,856.7473,5.2276,0,0,1,0,0.005678,3.6648,2.4979,18.1096,75.00,12.00
BTCUSDT,2024-2026,162,BUY,time,-16.8744,0.0073,1,1,2,1,0.006475,2.9218,0.2982,16.0168,34.00,19.00
BTCUSDT,2024-2026,164,BUY,sl,-224.3214,-1.0000,2,1,3,2,0.002415,4.5919,0.0559,17.1420,10.00,33.00
BTCUSDT,2024-2026,165,SELL,sl,-194.2488,-1.0000,3,1,1,1,0.005633,3.8859,1.9357,23.7015,5.00,7.00
BTCUSDT,2024-2026,166,SELL,sl,-192.4815,-1.0000,4,1,2,2,0.005523,3.2436,0.3107,18.2510,15.00,38.00
BTCUSDT,2024-2026,167,BUY,sl,-188.7239,-1.0000,5,1,1,1,0.005937,5.8348,0.7280,17.8268,17.00,14.00
BTCUSDT,2024-2026,169,BUY,time,2811.1905,17.0354,0,0,2,0,0.002458,4.5495,0.6981,14.6144,71.00,55.00
BTCUSDT,2024-2026,170,SELL,time,11.1876,0.1692,0,0,1,0,0.005945,3.5975,0.3020,19.8724,24.00,25.00
BTCUSDT,2024-2026,171,SELL,sl,-227.8380,-1.0000,1,0,2,1,0.004117,3.7741,2.2775,30.6701,1.00,37.00
BTCUSDT,2024-2026,172,SELL,sl,-218.9829,-1.0000,2,0,3,2,0.005132,5.6763,0.2506,42.9945,1.00,11.00
BTCUSDT,2024-2026,175,BUY,time,915.1549,4.8541,0,0,1,0,0.009642,5.4602,0.7559,21.0460,88.00,57.00
BTCUSDT,2024-2026,176,BUY,sl,-225.9663,-1.0000,1,0,2,1,0.005229,4.3102,3.9251,31.8608,16.00,12.00
BTCUSDT,2024-2026,177,BUY,time,1044.6968,5.3374,0,0,3,0,0.010262,5.5966,0.1634,38.8914,76.00,14.00
BTCUSDT,2024-2026,178,BUY,sl,-221.9721,-1.0000,1,1,4,1,0.010395,5.0292,0.2285,17.1089,17.00,31.00
BTCUSDT,2024-2026,179,SELL,sl,-227.8893,-1.0000,2,1,1,1,0.006458,3.6236,0.3926,19.0015,2.00,31.00
BTCUSDT,2024-2026,180,BUY,sl,-223.6340,-1.0000,3,1,1,1,0.006966,4.2540,0.9541,17.1860,4.00,7.00
BTCUSDT,2024-2026,181,BUY,sl,-216.1626,-1.0000,4,1,2,2,0.009411,4.1186,0.0109,19.7694,1.00,5.00
BTCUSDT,2024-2026,182,BUY,sl,-217.2102,-1.0000,5,1,3,3,0.007605,4.8306,0.0931,8.3499,4.00,25.00
BTCUSDT,2024-2026,183,BUY,sl,-215.1041,-1.0000,6,1,4,4,0.007495,4.1418,0.6749,14.9196,2.00,16.00
BTCUSDT,2024-2026,184,BUY,time,309.0522,1.6629,0,0,5,0,0.008225,4.6413,1.0421,17.4368,34.00,12.00
BTCUSDT,2024-2026,185,SELL,sl,-225.8918,-1.0000,1,0,1,1,0.004861,3.6336,0.5010,18.6903,9.00,47.00
BTCUSDT,2024-2026,186,BUY,sl,-215.8287,-1.0000,2,0,1,1,0.006669,4.1685,0.0304,18.6897,3.00,12.00
BTCUSDT,2024-2026,188,SELL,time,-25.8737,-0.0586,3,0,1,1,0.008924,5.3450,0.7796,35.4852,37.00,9.00
BTCUSDT,2024-2026,189,BUY,time,222.9673,1.2414,0,0,1,0,0.007385,5.5612,0.2111,22.7029,68.00,4.00
BTCUSDT,2024-2026,191,BUY,sl,-225.5550,-1.0000,1,1,2,1,0.004381,4.2710,0.5701,14.3212,2.00,35.00
BTCUSDT,2024-2026,192,BUY,sl,-222.1011,-1.0000,2,1,3,2,0.004513,4.8456,0.2916,16.3363,1.00,2.00
BTCUSDT,2024-2026,193,SELL,sl,-212.0761,-1.0000,3,1,1,1,0.006192,4.1390,1.0877,20.8787,5.00,6.00
BTCUSDT,2024-2026,194,SELL,sl,-202.9653,-1.0000,4,1,2,2,0.009267,3.8373,0.1848,24.1537,2.00,4.00
BTCUSDT,2024-2026,196,BUY,sl,-205.1879,-1.0000,5,1,1,1,0.006871,4.8583,0.0085,15.4785,2.00,38.00
BTCUSDT,2024-2026,197,BUY,time,535.6110,2.9935,0,0,2,0,0.006803,5.0985,0.3926,13.2968,23.00,8.00
BTCUSDT,2024-2026,199,SELL,sl,-208.2555,-1.0000,1,0,1,1,0.007110,4.4151,0.2632,19.2076,1.00,89.00
BTCUSDT,2024-2026,200,SELL,time,-54.8996,-0.2195,2,0,2,2,0.009251,3.7608,0.1503,19.9397,41.00,3.00
BTCUSDT,2024-2026,201,BUY,time,107.3580,0.6599,0,0,1,0,0.007618,5.6326,0.3242,19.8019,30.00,5.00
BTCUSDT,2024-2026,202,BUY,sl,-207.6663,-1.0000,1,0,2,1,0.006622,3.9775,0.3697,13.5491,11.00,30.00
BTCUSDT,2024-2026,203,BUY,time,417.9695,2.3747,0,0,3,0,0.004956,4.3913,0.1892,22.8604,63.00,24.00
BTCUSDT,2024-2026,204,SELL,sl,-205.1389,-1.0000,1,0,1,1,0.008971,4.0476,0.7658,24.4489,7.00,1.00
BTCUSDT,2024-2026,205,SELL,time,560.5319,3.0431,0,0,2,0,0.008791,5.7699,0.3540,27.5120,58.00,8.00
BTCUSDT,2024-2026,206,BUY,sl,-206.4988,-1.0000,1,1,1,1,0.010639,6.1498,0.0331,22.1129,5.00,1.00
BTCUSDT,2024-2026,207,SELL,sl,-209.6982,-1.0000,2,1,1,1,0.007432,4.4005,0.4515,18.3263,4.00,17.00
BTCUSDT,2024-2026,208,SELL,sl,-207.6024,-1.0000,3,1,2,2,0.007350,4.7046,0.7516,15.7440,3.00,6.00
BTCUSDT,2024-2026,209,SELL,sl,-204.6765,-1.0000,4,1,3,3,0.007646,4.0659,0.3759,19.6075,7.00,2.00
BTCUSDT,2024-2026,210,SELL,sl,-197.8470,-1.0000,5,1,4,4,0.010674,3.6687,0.4517,22.7979,6.00,13.00
BTCUSDT,2024-2026,211,BUY,time,24.6585,0.2170,0,0,1,0,0.008037,5.1305,1.1823,22.7489,41.00,17.00
BTCUSDT,2024-2026,212,SELL,sl,-201.2808,-1.0000,1,0,1,1,0.007321,3.3219,2.4981,22.0399,24.00,1.00
BTCUSDT,2024-2026,213,SELL,time,-15.7260,-0.0084,2,0,2,2,0.008568,3.5769,0.0892,17.5247,75.00,7.00
BTCUSDT,2024-2026,214,BUY,sl,-197.2778,-1.0000,3,0,1,1,0.008023,4.5561,0.7336,25.1184,3.00,19.00
BTCUSDT,2024-2026,215,BUY,time,71.4019,0.5127,0,0,2,0,0.005732,4.7901,0.3501,25.5117,28.00,36.00
BTCUSDT,2024-2026,216,BUY,time,-74.6638,-0.2662,1,0,3,1,0.004551,4.2997,0.0644,21.1762,17.00,8.00
BTCUSDT,2024-2026,217,BUY,sl,-206.4921,-1.0000,2,0,4,2,0.004558,4.5356,0.2936,17.8743,5.00,43.00
BTCUSDT,2024-2026,218,BUY,time,110.0594,0.7276,0,0,5,0,0.006092,4.2614,1.3770,22.5580,20.00,5.00
BTCUSDT,2024-2026,219,SELL,time,536.1328,3.1003,0,0,1,0,0.006007,6.8232,1.2865,32.5216,67.00,5.00
BTCUSDT,2024-2026,220,BUY,sl,-197.5220,-1.0000,1,0,1,1,0.009471,4.5080,0.5508,25.1790,1.00,7.00
BTCUSDT,2024-2026,221,BUY,sl,-217.6023,-1.0000,2,0,2,2,0.003474,4.0565,0.0635,14.9572,5.00,45.00
BTCUSDT,2024-2026,222,SELL,sl,-199.8608,-1.0000,3,0,1,1,0.006233,3.8190,0.1265,15.3801,15.00,10.00
BTCUSDT,2024-2026,223,BUY,time,268.9995,1.5788,0,0,1,0,0.009421,6.9012,0.0264,22.7251,54.00,11.00
BTCUSDT,2024-2026,224,BUY,time,233.1510,1.3669,0,0,2,0,0.008416,4.1277,0.9270,19.3408,69.00,11.00
BTCUSDT,2024-2026,225,BUY,sl,-191.4020,-1.0000,1,0,3,1,0.015283,4.1835,0.6477,26.4220,8.00,8.00
BTCUSDT,2024-2026,226,SELL,sl,-197.5427,-1.0000,2,0,1,1,0.007625,4.9533,0.0401,23.4666,13.00,58.00
BTCUSDT,2024-2026,227,SELL,time,544.5034,3.2688,0,0,2,0,0.002793,3.6239,0.3905,19.3781,30.00,81.00
BTCUSDT,2024-2026,228,BUY,time,7.4404,0.1365,0,0,1,0,0.006929,5.1616,0.2700,15.2733,30.00,40.00
BTCUSDT,2024-2026,229,SELL,time,675.8957,3.7509,0,0,1,0,0.006555,3.7566,1.9365,17.6256,69.00,16.00
BTCUSDT,2024-2026,230,BUY,sl,-199.3594,-1.0000,1,1,1,1,0.016884,4.9065,0.1875,43.1344,26.00,3.00
BTCUSDT,2024-2026,232,BUY,sl,-223.9767,-1.0000,2,1,2,2,0.003693,3.9253,0.7164,14.6900,6.00,103.00
BTCUSDT,2024-2026,234,BUY,time,-160.1323,-0.7697,3,1,3,3,0.007842,3.8208,0.0574,17.7444,29.00,23.00
BTCUSDT,2024-2026,235,SELL,sl,-211.7675,-1.0000,4,1,1,1,0.004795,4.0753,0.4984,21.2962,23.00,3.00
BTCUSDT,2024-2026,237,BUY,sl,-207.5525,-1.0000,5,1,1,1,0.005088,4.7315,0.1820,16.7892,4.00,49.00
BTCUSDT,2024-2026,238,SELL,time,470.1693,2.8953,0,0,1,0,0.002175,3.1697,0.2496,9.4430,75.00,35.00
BTCUSDT,2024-2026,239,BUY,time,-68.1143,-0.2291,1,0,1,1,0.004872,6.9081,0.2842,10.7360,39.00,16.00
BTCUSDT,2024-2026,240,SELL,time,-79.0093,-0.3167,2,0,1,1,0.006115,4.5322,0.4335,41.0123,18.00,1.00
BTCUSDT,2024-2026,241,SELL,sl,-238.9564,-1.0000,3,0,2,2,0.002276,4.1158,1.6084,12.8111,10.00,24.00
BTCUSDT,2024-2026,242,SELL,time,1966.5558,10.9137,0,0,3,0,0.004943,3.0576,0.8624,25.0506,68.00,16.00
BTCUSDT,2024-2026,243,SELL,sl,-212.9267,-1.0000,1,0,4,1,0.012463,4.7385,0.5841,37.1856,13.00,15.00
BTCUSDT,2024-2026,244,BUY,time,-25.3163,-0.0772,2,0,1,1,0.013473,5.9747,0.1049,28.4308,36.00,12.00
BTCUSDT,2024-2026,245,BUY,time,357.8196,1.8829,0,0,2,0,0.007437,3.4689,1.2888,21.4212,23.00,1.00
BTCUSDT,2024-2026,246,SELL,time,-176.7247,-0.8355,1,0,1,1,0.019745,5.9323,1.0548,37.9241,16.00,11.00
BTCUSDT,2024-2026,247,BUY,sl,-210.9328,-1.0000,2,0,1,1,0.014010,5.9272,0.7608,28.0787,4.00,17.00
BTCUSDT,2024-2026,248,BUY,time,-190.1434,-0.8993,3,0,2,2,0.012115,4.2293,0.0518,31.2873,12.00,11.00
BTCUSDT,2024-2026,250,SELL,time,1229.0250,6.3686,0,0,1,0,0.004581,3.2922,1.3849,28.5459,46.00,69.00
BTCUSDT,2024-2026,252,SELL,sl,-224.6331,-1.0000,1,1,2,1,0.009370,5.2417,0.7247,13.6962,4.00,57.00
BTCUSDT,2024-2026,253,BUY,sl,-225.9991,-1.0000,2,1,1,1,0.007379,6.3344,1.3190,22.7473,4.00,18.00
BTCUSDT,2024-2026,255,SELL,sl,-223.4966,-1.0000,3,1,1,1,0.007401,4.5025,0.4736,23.8281,1.00,51.00
BTCUSDT,2024-2026,256,SELL,sl,-221.0227,-1.0000,4,1,2,2,0.007416,3.7630,0.0098,16.1504,1.00,31.00
BTCUSDT,2024-2026,257,SELL,sl,-221.0870,-1.0000,5,1,3,3,0.006521,4.7349,1.6549,24.2336,1.00,6.00
BTCUSDT,2024-2026,258,BUY,time,295.6081,1.6070,0,0,1,0,0.005781,4.8988,0.0567,21.8887,30.00,19.00
BTCUSDT,2024-2026,259,SELL,sl,-225.8405,-1.0000,1,0,1,1,0.005474,6.2958,0.4098,19.3607,1.00,21.00
BTCUSDT,2024-2026,260,BUY,time,1282.3309,6.7590,0,0,1,0,0.002144,5.0341,0.7755,14.8797,40.00,46.00
BTCUSDT,2024-2026,261,SELL,sl,-236.8805,-1.0000,1,0,1,1,0.005653,4.4085,0.3956,23.2117,1.00,39.00
BTCUSDT,2024-2026,262,SELL,time,607.4511,3.0069,0,0,2,0,0.006180,3.6931,0.1524,17.2317,44.00,35.00
BTCUSDT,2024-2026,263,BUY,sl,-235.7481,-1.0000,1,1,1,1,0.007060,4.4660,0.3012,19.9775,5.00,54.00
BTCUSDT,2024-2026,264,BUY,sl,-235.7009,-1.0000,2,1,2,2,0.006271,6.0097,1.4513,21.4272,12.00,2.00
BTCUSDT,2024-2026,265,BUY,sl,-230.8880,-1.0000,3,1,3,3,0.006956,5.9530,1.0296,18.1346,4.00,12.00
BTCUSDT,2024-2026,266,SELL,time,-184.9435,-0.8281,4,1,1,1,0.011385,4.8736,1.1487,24.9982,33.00,3.00
BTCUSDT,2024-2026,267,BUY,sl,-224.9640,-1.0000,5,1,1,1,0.007472,4.4211,0.6595,14.1905,1.00,1.00
BTCUSDT,2024-2026,269,SELL,time,-121.7784,-0.4406,6,1,1,1,0.004286,4.7732,0.7055,20.0475,73.00,55.00
BTCUSDT,2024-2026,270,BUY,sl,-211.8592,-1.0000,7,1,1,1,0.015079,6.6713,0.1706,27.2364,10.00,3.00
BTCUSDT,2024-2026,271,BUY,sl,-214.4852,-1.0000,8,1,2,2,0.009762,4.9568,0.2979,18.8466,3.00,28.00
BTCUSDT,2024-2026,272,BUY,time,-64.3556,-0.2584,9,1,3,3,0.010170,5.7038,0.6994,23.0812,44.00,4.00
BTCUSDT,2024-2026,273,SELL,sl,-221.1190,-1.0000,10,1,1,1,0.005756,5.8329,0.0914,20.6608,14.00,58.00
BTCUSDT,2024-2026,274,BUY,sl,-245.5100,-1.0000,11,1,1,1,0.002625,4.4473,0.0519,22.4196,7.00,67.00
BTCUSDT,2024-2026,275,SELL,sl,-239.3654,-1.0000,12,1,1,1,0.002812,4.4626,0.2771,20.5996,10.00,18.00
BTCUSDT,2024-2026,276,BUY,time,1780.8700,9.4749,0,0,1,0,0.004531,3.6141,3.2047,26.0864,79.00,5.00
BTCUSDT,2024-2026,277,BUY,time,-110.0656,-0.4062,1,0,2,1,0.005508,5.3407,0.3677,13.2697,21.00,28.00
BTCUSDT,2024-2026,278,SELL,sl,-248.6439,-1.0000,2,0,1,1,0.003393,5.5725,0.5763,18.6037,2.00,40.00
BTCUSDT,2024-2026,279,BUY,sl,-236.2664,-1.0000,3,0,1,1,0.004396,4.9969,0.4135,18.6724,2.00,8.00
BTCUSDT,2024-2026,281,BUY,time,246.0772,1.3466,0,0,2,0,0.005043,4.8133,0.6073,16.9838,40.00,69.00
BTCUSDT,2024-2026,282,SELL,time,347.0792,1.8471,0,0,1,0,0.004255,3.8985,0.2847,14.8223,64.00,5.00
BTCUSDT,2024-2026,283,BUY,time,1825.0262,8.8808,0,0,1,0,0.005100,3.7112,2.1610,14.4075,136.00,24.00
BTCUSDT,2024-2026,284,SELL,time,-219.5416,-0.8710,1,1,1,1,0.006941,4.6022,0.0239,23.7337,18.00,1.00
BTCUSDT,2024-2026,285,BUY,sl,-249.2022,-1.0000,2,1,1,1,0.006095,6.1241,0.2540,16.0707,4.00,10.00
BTCUSDT,2024-2026,286,SELL,sl,-252.9151,-1.0000,3,1,1,1,0.004848,3.5359,0.4569,24.6632,9.00,30.00
BTCUSDT,2024-2026,287,BUY,sl,-240.0921,-1.0000,4,1,1,1,0.007149,3.7718,0.0095,17.6672,22.00,12.00
BTCUSDT,2024-2026,288,BUY,sl,-264.9058,-1.0000,5,1,2,2,0.003037,3.4770,0.6639,17.9092,12.00,31.00
BTCUSDT,2024-2026,290,SELL,sl,-230.3518,-1.0000,6,1,1,1,0.009113,4.9331,0.3284,24.2069,7.00,11.00
BTCUSDT,2024-2026,291,BUY,time,625.8442,3.0433,0,0,1,0,0.007163,5.9110,0.2259,16.2056,59.00,30.00
BTCUSDT,2024-2026,292,SELL,sl,-244.8296,-1.0000,1,0,1,1,0.005556,2.8170,1.9740,21.5572,2.00,5.00
BTCUSDT,2024-2026,293,SELL,sl,-248.3761,-1.0000,2,0,2,2,0.004471,4.8024,0.2017,30.6667,10.00,43.00
BTCUSDT,2024-2026,294,BUY,sl,-239.2184,-1.0000,3,0,1,1,0.005529,4.4572,0.3971,28.4550,24.00,6.00
BTCUSDT,2024-2026,295,SELL,time,-152.8485,-0.5766,4,0,1,1,0.004537,5.0171,0.3866,25.7382,19.00,37.00
BTCUSDT,2024-2026,296,SELL,time,365.9040,1.8586,0,0,2,0,0.005836,4.1574,0.2746,27.7500,45.00,9.00
BTCUSDT,2024-2026,297,BUY,sl,-252.6911,-1.0000,1,1,1,1,0.003601,4.2675,0.3669,18.5521,1.00,26.00
BTCUSDT,2024-2026,298,BUY,sl,-247.2329,-1.0000,2,1,2,2,0.003844,3.8159,0.4846,15.6018,5.00,4.00
BTCUSDT,2024-2026,299,BUY,sl,-234.2090,-1.0000,3,1,3,3,0.005341,4.0090,0.6167,17.2811,2.00,22.00
BTCUSDT,2024-2026,300,BUY,sl,-236.1759,-1.0000,4,1,4,4,0.004530,5.8838,0.1036,14.5323,1.00,12.00
BTCUSDT,2024-2026,301,SELL,sl,-237.0929,-1.0000,5,1,1,1,0.004066,4.6957,0.0782,9.8225,1.00,22.00
BTCUSDT,2024-2026,302,SELL,time,-124.1158,-0.4852,6,1,2,2,0.005076,4.0066,1.2162,15.5267,17.00,26.00
BTCUSDT,2024-2026,303,BUY,time,-152.3824,-0.5756,7,1,1,1,0.003572,6.4692,0.3510,18.8394,21.00,27.00
BTCUSDT,2024-2026,304,BUY,sl,-248.7672,-1.0000,8,1,2,2,0.002626,4.7341,0.1069,28.7164,5.00,7.00
BTCUSDT,2024-2026,305,BUY,time,699.3938,3.7708,0,0,3,0,0.003329,4.2940,0.3504,19.7662,29.00,12.00
BTCUSDT,2024-2026,306,SELL,time,514.4825,2.6721,0,0,1,0,0.004803,4.4939,0.3937,19.2017,37.00,37.00
BTCUSDT,2024-2026,307,BUY,sl,-243.9747,-1.0000,1,1,1,1,0.003859,3.9804,0.6271,11.7233,29.00,60.00
BTCUSDT,2024-2026,308,SELL,time,-60.1863,-0.1805,2,1,1,1,0.005952,5.1387,0.1269,31.3127,68.00,2.00
BTCUSDT,2024-2026,309,BUY,sl,-237.3127,-1.0000,3,1,1,1,0.004228,4.2327,0.2991,14.3613,5.00,1.00
BTCUSDT,2024-2026,310,SELL,time,-72.8308,-0.2245,4,1,1,1,0.004949,5.1389,0.4237,23.1559,17.00,3.00
BTCUSDT,2024-2026,312,SELL,sl,-236.4465,-1.0000,5,1,2,2,0.003888,6.1281,1.9023,30.9889,1.00,12.00
BTCUSDT,2024-2026,313,SELL,sl,-214.8676,-1.0000,6,1,3,3,0.008643,4.3131,0.7438,36.7479,7.00,16.00
BTCUSDT,2024-2026,314,BUY,time,668.1939,3.4784,0,0,1,0,0.007497,6.0013,0.1332,17.6538,67.00,21.00
BTCUSDT,2024-2026,315,BUY,sl,-288.4829,-1.0000,1,0,2,1,0.001606,3.2502,0.6714,11.7658,7.00,67.00
BTCUSDT,2024-2026,316,BUY,sl,-243.2451,-1.0000,2,0,3,2,0.003168,3.9895,0.5381,24.2214,4.00,9.00
BTCUSDT,2024-2026,318,SELL,time,-172.2060,-0.7038,3,0,1,1,0.004071,4.5272,0.1373,25.7111,21.00,29.00
BTCUSDT,2024-2026,319,BUY,time,299.3302,1.6658,0,0,1,0,0.004657,4.6055,0.6344,27.7965,44.00,2.00
BTCUSDT,2024-2026,320,SELL,sl,-242.6913,-1.0000,1,0,1,1,0.003103,6.0012,1.6376,20.0245,47.00,9.00
BTCUSDT,2024-2026,321,BUY,sl,-242.2320,-1.0000,2,0,1,1,0.002918,4.1647,0.2549,23.8280,3.00,9.00
BTCUSDT,2024-2026,322,BUY,sl,-243.3196,-1.0000,3,0,2,2,0.002674,3.8315,0.3907,13.7722,1.00,60.00
BTCUSDT,2024-2026,324,BUY,time,1337.3241,7.1402,0,0,3,0,0.003694,8.4038,1.5470,35.4070,47.00,27.00
BTCUSDT,2024-2026,325,BUY,time,-54.9050,-0.0009,1,1,4,1,0.002505,4.3815,0.7823,14.1718,37.00,21.00
BTCUSDT,2024-2026,326,SELL,sl,-225.1720,-1.0000,2,1,1,1,0.006837,6.7301,0.8477,28.0790,9.00,2.00
BTCUSDT,2024-2026,327,SELL,sl,-220.4344,-1.0000,3,1,2,2,0.007722,7.2778,0.2699,34.9948,1.00,2.00
BTCUSDT,2024-2026,328,BUY,sl,-220.6318,-1.0000,4,1,1,1,0.006649,3.8582,0.5031,17.0539,15.00,18.00
BTCUSDT,2024-2026,329,BUY,sl,-220.5562,-1.0000,5,1,2,2,0.005946,3.6498,0.2913,15.4180,1.00,21.00
BTCUSDT,2024-2026,330,SELL,sl,-216.3910,-1.0000,6,1,1,1,0.006512,4.8213,0.0065,19.7162,15.00,20.00
BTCUSDT,2024-2026,331,BUY,sl,-221.6207,-1.0000,7,1,1,1,0.004674,4.2904,0.5609,21.1228,4.00,45.00
BTCUSDT,2024-2026,332,BUY,sl,-210.2438,-1.0000,8,1,2,2,0.006907,4.1661,0.1937,17.4999,11.00,32.00
BTCUSDT,2024-2026,333,SELL,sl,-216.3400,-1.0000,9,1,1,1,0.004769,4.9298,0.1907,21.4720,1.00,8.00
BTCUSDT,2024-2026,334,SELL,time,-155.1237,-0.7069,10,1,2,2,0.005563,3.6257,1.1578,26.2463,18.00,36.00
BTCUSDT,2024-2026,335,BUY,time,104.4899,0.7544,0,0,1,0,0.003467,7.4007,0.5426,18.1643,51.00,14.00
BTCUSDT,2024-2026,336,SELL,sl,-217.7538,-1.0000,1,0,1,1,0.004074,3.9840,0.4634,28.0750,6.00,4.00
BTCUSDT,2024-2026,337,SELL,sl,-212.6712,-1.0000,2,0,2,2,0.004449,3.5340,0.0526,17.7235,11.00,16.00
BTCUSDT,2024-2026,338,SELL,sl,-208.6460,-1.0000,3,0,3,3,0.004721,3.8720,0.7773,16.6458,3.00,16.00
BTCUSDT,2024-2026,339,SELL,time,411.6382,2.4281,0,0,4,0,0.004421,6.1081,0.0628,21.6402,59.00,26.00
BTCUSDT,2024-2026,340,BUY,sl,-224.8922,-1.0000,1,1,1,1,0.003064,6.6780,0.3427,20.0621,36.00,8.00
BTCUSDT,2024-2026,341,SELL,sl,-208.9384,-1.0000,2,1,1,1,0.004624,4.2474,0.8856,21.7533,5.00,8.00
BTCUSDT,2024-2026,342,BUY,sl,-209.0142,-1.0000,3,1,1,1,0.004197,5.0614,0.1887,16.0702,11.00,19.00
BTCUSDT,2024-2026,343,BUY,sl,-211.9822,-1.0000,4,1,2,2,0.003526,5.7548,1.5387,16.0671,5.00,9.00
BTCUSDT,2024-2026,344,BUY,sl,-202.9812,-1.0000,5,1,3,3,0.004378,6.3187,1.2311,24.2434,8.00,4.00
BTCUSDT,2024-2026,345,BUY,sl,-209.9269,-1.0000,6,1,4,4,0.003243,3.6556,0.6276,19.7533,3.00,30.00
BTCUSDT,2024-2026,346,BUY,sl,-207.0666,-1.0000,7,1,5,5,0.003273,4.2407,1.4333,25.5473,1.00,15.00
BTCUSDT,2024-2026,347,BUY,time,45.2242,0.4313,0,0,6,0,0.004038,4.9655,0.0776,30.6503,29.00,10.00
BTCUSDT,2024-2026,348,BUY,time,65.8894,0.5340,0,0,7,0,0.004528,3.8804,0.3145,15.4633,24.00,39.00
BTCUSDT,2024-2026,349,SELL,time,91.4650,0.6287,0,0,1,0,0.007050,6.5848,0.1069,30.0781,64.00,2.00
BTCUSDT,2024-2026,350,BUY,sl,-230.1062,-1.0000,1,1,1,1,0.001973,4.6537,0.5791,22.3699,7.00,4.00
BTCUSDT,2024-2026,351,SELL,time,-82.6061,-0.2813,2,1,1,1,0.003250,4.1154,1.9862,23.6544,16.00,10.00
BTCUSDT,2024-2026,352,SELL,time,-44.0247,-0.1375,3,1,2,2,0.005420,4.2350,0.7831,26.7789,18.00,21.00
BTCUSDT,2024-2026,353,BUY,sl,-189.0608,-1.0000,4,1,1,1,0.005438,3.3636,0.1911,40.7738,6.00,14.00
BTCUSDT,2024-2026,354,SELL,sl,-190.4212,-1.0000,5,1,1,1,0.004679,4.6441,0.0008,31.6234,9.00,12.00
BTCUSDT,2024-2026,355,BUY,time,-97.3762,-0.4799,6,1,1,1,0.005975,3.3389,2.6203,22.6823,21.00,13.00
BTCUSDT,2024-2026,356,SELL,time,1283.7095,8.1068,0,0,1,0,0.002469,4.8373,0.0177,19.1275,54.00,26.00
BTCUSDT,2024-2026,357,BUY,sl,-195.8561,-1.0000,1,0,1,1,0.006071,3.3236,0.4970,15.7559,14.00,33.00
BTCUSDT,2024-2026,358,SELL,sl,-196.5061,-1.0000,2,0,1,1,0.005335,4.3115,1.5948,22.1309,4.00,13.00
BTCUSDT,2024-2026,359,SELL,time,23.4523,0.2523,0,0,2,0,0.005720,6.5243,0.4936,28.6742,26.00,2.00
BTCUSDT,2024-2026,360,BUY,sl,-214.9190,-1.0000,1,1,1,1,0.002735,5.2678,1.5473,14.5391,3.00,9.00
BTCUSDT,2024-2026,361,SELL,sl,-202.5134,-1.0000,2,1,1,1,0.003589,4.7850,0.0379,19.7548,4.00,23.00
BTCUSDT,2024-2026,362,BUY,sl,-193.8090,-1.0000,3,1,1,1,0.004463,4.4664,0.3076,24.4543,1.00,2.00
BTCUSDT,2024-2026,363,BUY,sl,-183.6075,-1.0000,4,1,2,2,0.006565,3.6718,0.4610,14.4586,9.00,17.00
BTCUSDT,2024-2026,364,BUY,time,-49.9518,-0.2050,5,1,3,3,0.006803,4.2999,0.5804,15.1314,39.00,2.00
BTCUSDT,2024-2026,365,SELL,sl,-186.2357,-1.0000,6,1,1,1,0.005044,3.6756,0.2420,14.3263,15.00,2.00
BTCUSDT,2024-2026,366,BUY,sl,-183.6246,-1.0000,7,1,1,1,0.005125,4.7524,1.5105,30.2927,4.00,10.00
BTCUSDT,2024-2026,367,BUY,time,-132.3487,-0.6104,8,1,2,2,0.003125,3.3372,0.2155,20.4622,17.00,69.00
BTCUSDT,2024-2026,368,BUY,sl,-185.5156,-1.0000,9,1,3,3,0.004056,5.0223,0.2143,23.0883,7.00,5.00
BTCUSDT,2024-2026,369,SELL,sl,-180.1513,-1.0000,10,1,1,1,0.004662,4.2217,0.4454,23.6681,5.00,2.00
BTCUSDT,2024-2026,370,BUY,time,428.5189,2.9257,0,0,1,0,0.003859,5.7737,0.2747,20.8760,76.00,16.00
BTCUSDT,2024-2026,371,SELL,sl,-199.0320,-1.0000,1,1,1,1,0.002741,3.2664,0.2019,15.5075,2.00,32.00
BTCUSDT,2024-2026,372,BUY,sl,-190.4500,-1.0000,2,1,1,1,0.003243,3.5553,0.9310,16.8030,1.00,3.00
BTCUSDT,2024-2026,373,SELL,sl,-181.6274,-1.0000,3,1,1,1,0.004095,4.1138,0.1867,17.2269,10.00,2.00
BTCUSDT,2024-2026,374,BUY,sl,-183.6286,-1.0000,4,1,1,1,0.003500,4.0011,0.1438,14.8614,21.00,22.00
BTCUSDT,2024-2026,375,BUY,sl,-171.6259,-1.0000,5,1,2,2,0.005288,4.1266,0.4743,18.3142,19.00,14.00
BTCUSDT,2024-2026,376,SELL,time,902.6005,6.1991,0,0,1,0,0.003097,3.5706,0.3438,18.0020,95.00,11.00
BTCUSDT,2024-2026,377,BUY,sl,-186.4137,-1.0000,1,0,1,1,0.003989,4.9550,0.9482,26.1375,9.00,30.00
BTCUSDT,2024-2026,378,SELL,time,293.0386,2.0090,0,0,1,0,0.004315,5.1813,0.2132,31.0711,30.00,12.00
BTCUSDT,2024-2026,379,BUY,time,1575.9246,10.1838,0,0,1,0,0.001747,3.7687,0.3244,16.6313,43.00,45.00
BTCUSDT,2024-2026,380,BUY,time,1038.6459,6.0116,0,0,2,0,0.005218,3.4638,2.2388,34.5179,82.00,23.00
BTCUSDT,2024-2026,382,BUY,sl,-217.6367,-1.0000,1,0,3,1,0.004027,5.6587,1.6080,31.0819,4.00,10.00
BTCUSDT,2024-2026,383,BUY,sl,-209.2664,-1.0000,2,0,4,2,0.004977,4.9756,0.0752,25.5304,4.00,32.00
BTCUSDT,2024-2026,384,SELL,time,41.5681,0.3540,0,0,1,0,0.005271,4.5011,0.8698,19.5427,18.00,18.00
BTCUSDT,2024-2026,386,SELL,time,1255.6294,6.9878,0,0,2,0,0.005355,6.4506,0.9923,19.0524,47.00,55.00
BTCUSDT,2024-2026,387,BUY,time,120.2374,0.6959,0,0,1,0,0.008309,3.6460,0.2204,40.5264,20.00,1.00
BTCUSDT,2024-2026,388,SELL,time,1099.7922,5.6969,0,0,1,0,0.006288,3.2891,0.1632,21.9728,126.00,16.00
BTCUSDT,2024-2026,389,BUY,sl,-235.4681,-1.0000,1,1,1,1,0.004950,4.0201,0.2702,14.0577,9.00,5.00
BTCUSDT,2024-2026,390,BUY,time,-129.3809,-0.5368,2,1,2,2,0.007109,4.2741,0.8881,22.8585,23.00,4.00
BTCUSDT,2024-2026,391,BUY,sl,-221.9547,-1.0000,3,1,3,3,0.007515,5.0205,0.5516,26.7808,5.00,12.00
BTCUSDT,2024-2026,392,BUY,sl,-218.6467,-1.0000,4,1,4,4,0.007909,2.8639,1.2421,18.9239,5.00,35.00
BTCUSDT,2024-2026,393,BUY,sl,-219.6680,-1.0000,5,1,5,5,0.006582,5.3398,0.9085,22.9593,1.00,6.00
BTCUSDT,2024-2026,394,BUY,time,864.3145,4.6536,0,0,6,0,0.002452,3.4242,2.1221,24.8447,35.00,63.00
BTCUSDT,2024-2026,395,SELL,time,510.0381,2.5815,0,0,1,0,0.006236,3.6998,0.9599,23.0419,56.00,24.00
BTCUSDT,2024-2026,396,BUY,sl,-264.1288,-1.0000,1,0,1,1,0.002649,3.9901,0.3608,12.0291,8.00,48.00
BTCUSDT,2024-2026,397,SELL,time,1662.3425,8.1093,0,0,1,0,0.004796,3.6016,0.6367,16.5253,58.00,14.00
BTCUSDT,2024-2026,398,SELL,sl,-244.1302,-1.0000,1,0,2,1,0.007926,4.0649,0.5227,22.3795,1.00,28.00
BTCUSDT,2024-2026,399,SELL,sl,-241.7112,-1.0000,2,0,3,2,0.007830,4.9001,0.2119,30.9476,1.00,19.00
BTCUSDT,2024-2026,400,BUY,sl,-237.5035,-1.0000,3,0,1,1,0.008444,4.9282,0.2321,27.2484,7.00,7.00
BTCUSDT,2024-2026,401,BUY,time,612.8413,2.9783,0,0,2,0,0.004073,3.0721,0.5336,19.5531,42.00,34.00
BTCUSDT,2024-2026,402,SELL,time,58.7244,0.3602,0,0,1,0,0.006793,3.9900,0.1918,19.8081,20.00,5.00
BTCUSDT,2024-2026,403,SELL,sl,-247.1070,-1.0000,1,0,2,1,0.006675,4.4336,0.4436,29.2659,13.00,7.00
BTCUSDT,2024-2026,404,SELL,time,658.8101,3.0413,0,0,3,0,0.008721,5.1503,0.2056,25.6812,65.00,12.00
BTCUSDT,2024-2026,405,SELL,sl,-255.4915,-1.0000,1,0,4,1,0.005711,3.3204,0.4965,23.1692,2.00,6.00
BTCUSDT,2024-2026,406,SELL,sl,-247.3531,-1.0000,2,0,5,2,0.007141,4.2902,0.3973,25.6733,1.00,4.00
BTCUSDT,2024-2026,407,SELL,time,-35.8673,-0.0971,3,0,6,3,0.010551,3.5158,0.2432,18.5134,22.00,19.00
BTCUSDT,2024-2026,408,SELL,sl,-239.5826,-1.0000,4,0,7,4,0.009204,4.6031,0.0886,21.1561,7.00,24.00
BTCUSDT,2024-2026,409,SELL,time,453.9917,2.1205,0,0,8,0,0.010036,5.1615,0.8276,19.4170,54.00,18.00
BTCUSDT,2024-2026,410,BUY,time,-5.2746,0.0731,1,0,1,1,0.006912,3.6305,0.4377,24.3646,32.00,3.00
BTCUSDT,2024-2026,411,BUY,sl,-240.2786,-1.0000,2,0,2,2,0.010015,3.2265,0.2737,17.6821,14.00,8.00
BTCUSDT,2024-2026,412,BUY,time,92.3024,0.4989,0,0,3,0,0.007873,2.9807,2.2720,21.5465,102.00,34.00
BTCUSDT,2024-2026,413,SELL,sl,-247.1075,-1.0000,1,0,1,1,0.006466,3.2791,5.6096,20.4185,36.00,1.00
BTCUSDT,2024-2026,414,BUY,time,689.2582,3.2024,0,0,1,0,0.007566,6.0121,2.0559,20.5551,47.00,2.00
BTCUSDT,2024-2026,415,SELL,sl,-252.3781,-1.0000,1,0,1,1,0.006360,4.7489,0.7367,30.0762,1.00,24.00
BTCUSDT,2024-2026,416,SELL,sl,-246.0996,-1.0000,2,0,2,2,0.007460,5.5533,1.6058,33.8633,10.00,2.00
BTCUSDT,2024-2026,418,BUY,sl,-247.7454,-1.0000,3,0,1,1,0.006030,4.6874,1.1947,25.1523,3.00,39.00
BTCUSDT,2024-2026,419,BUY,sl,-242.0311,-1.0000,4,0,2,2,0.006864,4.3798,0.6606,17.6482,22.00,43.00
BTCUSDT,2024-2026,420,SELL,time,117.3151,0.6211,0,0,1,0,0.007936,4.0166,0.2440,17.9809,18.00,11.00
BTCUSDT,2024-2026,421,SELL,sl,-271.2779,-1.0000,1,1,2,1,0.002829,3.4337,1.6073,29.1741,14.00,65.00
BTCUSDT,2024-2026,422,SELL,time,-8.0814,0.0587,2,1,3,2,0.006945,4.2577,0.9002,31.5620,19.00,14.00
BTCUSDT,2024-2026,424,SELL,sl,-230.9867,-1.0000,3,1,4,3,0.010082,4.9211,0.3215,25.0149,14.00,32.00
BTCUSDT,2024-2026,425,SELL,sl,-229.4357,-1.0000,4,1,5,4,0.009472,6.3131,1.0375,28.0215,1.00,11.00
BTCUSDT,2024-2026,426,BUY,sl,-267.0986,-1.0000,5,1,1,1,0.002558,4.2730,0.5526,18.2758,2.00,61.00
BTCUSDT,2024-2026,428,BUY,sl,-236.2831,-1.0000,6,1,2,2,0.005103,5.0295,0.0800,23.5792,3.00,24.00
BTCUSDT,2024-2026,429,SELL,time,-4.5022,0.0785,7,1,1,1,0.006648,4.7790,0.0600,22.0701,40.00,15.00
BTCUSDT,2024-2026,430,BUY,sl,-252.7014,-1.0000,8,1,1,1,0.002986,6.1761,1.2178,14.8157,4.00,18.00
BTCUSDT,2024-2026,431,SELL,sl,-242.0413,-1.0000,9,1,1,1,0.003600,4.3267,0.0276,18.4994,2.00,4.00
BTCUSDT,2024-2026,433,BUY,sl,-243.4641,-1.0000,10,1,1,1,0.003189,3.6755,2.4031,27.3290,6.00,73.00
BTCUSDT,2024-2026,434,SELL,sl,-220.9508,-1.0000,11,1,1,1,0.006076,5.5955,0.0716,35.2236,19.00,4.00
BTCUSDT,2024-2026,435,SELL,sl,-229.1551,-1.0000,12,1,2,2,0.004068,4.6691,0.2191,24.3337,24.00,33.00
BTCUSDT,2024-2026,436,BUY,time,2532.9367,13.3204,0,0,1,0,0.002285,6.1718,0.7187,20.8509,114.00,6.00
BTCUSDT,2024-2026,437,SELL,sl,-246.8712,-1.0000,1,0,1,1,0.005444,4.9194,1.4976,24.9168,1.00,1.00
BTCUSDT,2024-2026,438,SELL,sl,-241.0434,-1.0000,2,0,2,2,0.006150,6.1179,0.2193,22.9897,44.00,24.00
BTCUSDT,2024-2026,439,BUY,sl,-313.1984,-1.0000,3,0,1,1,0.001457,3.3656,0.6650,10.1021,2.00,46.00
BTCUSDT,2024-2026,440,BUY,sl,-254.2394,-1.0000,4,0,2,2,0.003322,3.4511,0.4234,16.6765,6.00,11.00
BTCUSDT,2024-2026,441,BUY,time,287.9950,1.5002,0,0,3,0,0.005402,5.5202,1.0595,24.8164,72.00,32.00
BTCUSDT,2024-2026,442,SELL,time,1754.4730,8.5002,0,0,1,0,0.002834,2.4663,4.5319,22.8484,64.00,56.00
BTCUSDT,2024-2026,443,SELL,sl,-248.0373,-1.0000,1,0,2,1,0.008410,4.8143,0.3985,35.3374,2.00,1.00
BTCUSDT,2024-2026,444,BUY,sl,-254.1710,-1.0000,2,0,1,1,0.005600,3.8922,0.2167,19.7610,1.00,47.00
BTCUSDT,2024-2026,445,SELL,sl,-308.2720,-1.0000,3,0,1,1,0.001795,5.3543,0.8909,25.3492,64.00,33.00
BTCUSDT,2024-2026,446,BUY,sl,-245.1355,-1.0000,4,0,1,1,0.006250,3.9636,0.0788,21.2485,15.00,14.00
BTCUSDT,2024-2026,447,SELL,time,875.7713,4.0844,0,0,1,0,0.007382,3.4309,0.7187,18.2605,40.00,2.00
BTCUSDT,2024-2026,448,SELL,time,4114.6018,18.1486,0,0,2,0,0.006385,5.2853,0.7523,48.6087,143.00,20.00
BTCUSDT,2024-2026,449,BUY,sl,-291.5660,-1.0000,1,0,1,1,0.007923,6.9442,0.0531,19.7298,3.00,47.00
BTCUSDT,2024-2026,450,SELL,sl,-281.9029,-1.0000,2,0,1,1,0.011356,4.2532,0.2872,24.1556,5.00,19.00
BTCUSDT,2024-2026,451,SELL,sl,-280.3626,-1.0000,3,0,2,2,0.010384,4.1601,0.3071,33.0916,9.00,37.00
BTCUSDT,2024-2026,452,SELL,sl,-278.0874,-1.0000,4,0,3,3,0.009962,5.0309,0.2179,18.7953,4.00,28.00
BTCUSDT,2024-2026,453,BUY,time,50.1345,0.2737,0,0,1,0,0.008436,5.6821,0.4860,18.1331,46.00,18.00
BTCUSDT,2024-2026,454,SELL,sl,-280.5201,-1.0000,1,1,1,1,0.007773,4.3576,0.0315,34.1073,18.00,4.00
BTCUSDT,2024-2026,455,SELL,sl,-275.5651,-1.0000,2,1,2,2,0.008515,4.6394,0.8007,22.7387,4.00,4.00
BTCUSDT,2024-2026,456,SELL,sl,-275.1072,-1.0000,3,1,3,3,0.007554,5.6069,0.8295,16.4938,1.00,19.00
BTCUSDT,2024-2026,457,SELL,sl,-272.1224,-1.0000,4,1,4,4,0.007551,3.7024,0.5210,15.2028,11.00,27.00
BTCUSDT,2024-2026,458,BUY,sl,-269.6696,-1.0000,5,1,1,1,0.007298,3.7534,0.6093,14.8165,7.00,24.00
BTCUSDT,2024-2026,459,BUY,sl,-285.8441,-1.0000,6,1,2,2,0.003932,7.5722,0.4890,10.0135,7.00,26.00
BTCUSDT,2024-2026,460,SELL,time,1156.1415,4.9734,0,0,1,0,0.003479,4.0330,0.4131,13.6836,60.00,16.00
BTCUSDT,2024-2026,461,BUY,time,-116.0417,-0.3810,1,0,1,1,0.008611,7.2372,0.5013,21.9621,26.00,13.00
BTCUSDT,2024-2026,462,SELL,time,-92.9081,-0.2876,2,0,1,1,0.008240,4.0792,0.6846,14.1120,32.00,19.00
BTCUSDT,2024-2026,463,BUY,sl,-265.8649,-1.0000,3,0,1,1,0.011263,4.8220,0.3885,29.5537,19.00,1.00
BTCUSDT,2024-2026,464,BUY,sl,-261.6706,-1.0000,4,0,2,2,0.012429,2.6822,2.0596,14.3068,14.00,24.00
BTCUSDT,2024-2026,465,BUY,time,414.6152,1.7434,0,0,3,0,0.011883,3.7539,0.2846,16.0205,32.00,26.00
BTCUSDT,2024-2026,466,SELL,time,604.9197,2.5062,0,0,1,0,0.007594,6.4324,0.4449,25.1352,65.00,21.00
BTCUSDT,2024-2026,467,BUY,time,29.6332,0.1781,0,0,1,0,0.010699,3.8505,0.6991,25.4505,46.00,8.00
BTCUSDT,2024-2026,468,BUY,time,-198.2466,-0.6983,1,0,2,1,0.008837,2.7612,0.8321,15.3402,22.00,37.00
BTCUSDT,2024-2026,469,BUY,time,753.7812,3.1031,0,0,3,0,0.004826,4.2813,0.3438,26.3229,37.00,47.00
BTCUSDT,2024-2026,470,SELL,time,808.5967,3.1906,0,0,1,0,0.006367,3.2181,0.9609,13.4915,40.00,25.00
BTCUSDT,2024-2026,471,SELL,sl,-313.7752,-1.0000,1,1,2,1,0.004123,6.0285,1.6537,12.3854,2.00,44.00
BTCUSDT,2024-2026,472,SELL,sl,-296.9341,-1.0000,2,1,3,2,0.005939,7.0900,0.0260,33.5103,1.00,10.00
BTCUSDT,2024-2026,473,SELL,sl,-294.5069,-1.0000,3,1,4,3,0.005768,6.8427,0.4597,41.7017,5.00,9.00
BTCUSDT,2024-2026,474,BUY,time,-23.1164,-0.0209,4,1,1,1,0.009852,2.8913,1.1062,38.9247,26.00,9.00
BTCUSDT,2024-2026,475,BUY,sl,-286.3181,-1.0000,5,1,2,2,0.006750,5.6193,0.0766,20.3045,3.00,22.00
BTCUSDT,2024-2026,476,SELL,time,1164.1369,4.6060,0,0,1,0,0.007143,3.5112,0.5059,13.4032,50.00,15.00
BTCUSDT,2024-2026,477,SELL,sl,-303.4546,-1.0000,1,0,2,1,0.005309,2.7807,0.8522,15.0759,1.00,39.00
BTCUSDT,2024-2026,478,BUY,sl,-291.3373,-1.0000,2,0,1,1,0.007098,5.1050,0.3465,15.3750,12.00,5.00
BTCUSDT,2024-2026,479,SELL,sl,-284.9849,-1.0000,3,0,1,1,0.008240,3.9924,0.1985,15.4163,3.00,17.00
BTCUSDT,2024-2026,480,BUY,sl,-279.5798,-1.0000,4,0,1,1,0.009133,4.3693,0.5504,29.9902,6.00,18.00
BTCUSDT,2024-2026,481,SELL,time,41.0178,0.2446,0,0,1,0,0.007779,3.3042,0.4189,18.5141,57.00,13.00
BTCUSDT,2024-2026,482,BUY,sl,-340.6150,-1.0000,1,0,1,1,0.002089,6.1273,0.0941,25.4227,8.00,5.00
BTCUSDT,2024-2026,483,BUY,time,234.1677,1.0746,0,0,2,0,0.004290,4.2450,1.6450,31.2763,24.00,23.00
BTCUSDT,2024-2026,484,SELL,sl,-283.7001,-1.0000,1,1,1,1,0.006510,4.6778,0.0797,22.5125,6.00,12.00
BTCUSDT,2024-2026,485,BUY,sl,-276.8877,-1.0000,2,1,1,1,0.007497,4.8856,2.1684,22.1164,15.00,6.00
BTCUSDT,2024-2026,486,BUY,sl,-279.4863,-1.0000,3,1,2,2,0.005994,6.2931,0.1631,32.3613,1.00,55.00
BTCUSDT,2024-2026,487,BUY,sl,-298.9887,-1.0000,4,1,3,3,0.003299,6.3242,0.4694,21.2733,4.00,21.00
BTCUSDT,2024-2026,488,SELL,time,-40.6537,-0.0346,5,1,1,1,0.005099,3.4955,2.3799,23.1381,36.00,3.00
BTCUSDT,2024-2026,490,BUY,time,239.5773,1.0800,0,0,1,0,0.006493,4.3989,1.5183,34.8775,23.00,6.00
BTCUSDT,2024-2026,491,SELL,sl,-269.5305,-1.0000,1,0,1,1,0.007600,4.0020,0.1161,28.3995,11.00,13.00
BTCUSDT,2024-2026,492,BUY,time,257.6010,1.1424,0,0,1,0,0.007379,3.9788,0.4392,14.4494,24.00,38.00
BTCUSDT,2024-2026,493,SELL,sl,-287.8811,-1.0000,1,1,1,1,0.004106,6.9233,0.0925,33.6640,5.00,23.00
BTCUSDT,2024-2026,494,SELL,sl,-276.0751,-1.0000,2,1,2,2,0.005217,3.8345,0.1960,28.9181,13.00,5.00
BTCUSDT,2024-2026,495,BUY,sl,-264.8976,-1.0000,3,1,1,1,0.006983,4.7153,0.3430,24.8886,4.00,12.00
BTCUSDT,2024-2026,496,BUY,time,-70.4826,-0.2126,4,1,2,2,0.008124,3.3404,1.0740,18.6990,32.00,28.00
BTCUSDT,2024-2026,497,BUY,sl,-297.9635,-1.0000,5,1,3,3,0.002672,3.5754,0.4701,12.9544,23.00,67.00
BTCUSDT,2024-2026,498,SELL,time,-80.1450,-0.2463,6,1,1,1,0.007109,3.7014,1.2309,25.1351,36.00,11.00
BTCUSDT,2024-2026,499,BUY,sl,-271.6166,-1.0000,7,1,1,1,0.004236,5.4393,0.5664,23.4728,2.00,6.00
BTCUSDT,2024-2026,500,SELL,sl,-256.2016,-1.0000,8,1,1,1,0.006442,4.6010,0.3139,25.7511,5.00,7.00
BTCUSDT,2024-2026,501,BUY,time,1804.5385,8.0279,0,0,1,0,0.004134,4.3114,0.0536,13.1363,156.00,26.00
BTCUSDT,2024-2026,502,SELL,sl,-280.7159,-1.0000,1,1,1,1,0.004995,6.4648,0.2237,15.9421,49.00,1.00
BTCUSDT,2024-2026,503,BUY,sl,-310.1658,-1.0000,2,1,1,1,0.002489,6.1012,0.1775,15.2516,26.00,2.00
BTCUSDT,2024-2026,504,BUY,sl,-280.9381,-1.0000,3,1,2,2,0.004087,3.8866,1.3758,34.0316,1.00,3.00
BTCUSDT,2024-2026,505,SELL,sl,-276.8229,-1.0000,4,1,1,1,0.004205,5.1516,0.1808,31.4683,3.00,40.00
BTCUSDT,2024-2026,506,SELL,sl,-274.2653,-1.0000,5,1,2,2,0.004133,4.4988,0.5698,23.4266,24.00,19.00
BTCUSDT,2024-2026,507,BUY,sl,-261.0939,-1.0000,6,1,1,1,0.005578,5.6429,1.2176,28.4017,3.00,3.00
BTCUSDT,2024-2026,508,SELL,sl,-256.9818,-1.0000,7,1,1,1,0.005881,6.0834,1.0184,19.2481,3.00,18.00
BTCUSDT,2024-2026,509,SELL,time,47.1989,0.3640,0,0,2,0,0.004239,9.0153,0.0330,37.9546,28.00,14.00
BTCUSDT,2024-2026,510,SELL,time,95.2528,0.5924,0,0,3,0,0.003788,2.9955,0.8982,24.0772,54.00,13.00
BTCUSDT,2024-2026,511,BUY,sl,-261.2791,-1.0000,1,0,1,1,0.004809,3.5640,0.3042,12.8812,9.00,19.00
BTCUSDT,2024-2026,512,SELL,time,318.2888,1.5760,0,0,1,0,0.003823,5.2233,0.1112,21.9863,24.00,33.00
BTCUSDT,2024-2026,513,BUY,sl,-266.0124,-1.0000,1,0,1,1,0.004263,4.8051,0.0423,24.1555,7.00,44.00
BTCUSDT,2024-2026,514,SELL,time,643.3602,2.9319,0,0,1,0,0.006342,3.8841,0.5700,19.3389,52.00,20.00
BTCUSDT,2024-2026,516,SELL,time,5501.5625,23.6779,0,0,2,0,0.004487,3.2106,0.2628,24.3350,139.00,81.00
BTCUSDT,2024-2026,517,BUY,sl,-317.1256,-1.0000,1,0,1,1,0.006741,6.5899,0.3155,26.1081,4.00,6.00
BTCUSDT,2024-2026,518,SELL,time,29.6956,0.2036,0,0,1,0,0.006689,4.2702,0.3544,16.9884,24.00,50.00
BTCUSDT,2024-2026,519,BUY,sl,-310.9552,-1.0000,1,0,1,1,0.007545,4.8170,0.2057,25.6811,6.00,21.00
BTCUSDT,2024-2026,520,BUY,sl,-313.3417,-1.0000,2,0,2,2,0.006129,4.0937,0.1176,20.5240,5.00,22.00
BTCUSDT,2024-2026,521,BUY,sl,-335.3181,-1.0000,3,0,3,3,0.003337,4.6225,0.3561,27.1960,16.00,26.00
BTCUSDT,2024-2026,522,SELL,sl,-330.9320,-1.0000,4,0,1,1,0.003376,4.2746,0.5130,29.7093,2.00,4.00
BTCUSDT,2024-2026,523,BUY,time,231.5770,1.0008,0,0,1,0,0.004390,3.7808,1.9143,28.7014,29.00,2.00
BTCUSDT,2024-2026,524,SELL,sl,-307.8290,-1.0000,1,0,1,1,0.005657,4.7405,0.8849,15.8712,6.00,30.00
BTCUSDT,2024-2026,525,SELL,time,348.0734,1.3582,0,0,2,0,0.008335,3.5417,0.4910,20.2521,42.00,5.00
BTCUSDT,2024-2026,526,BUY,time,128.4208,0.5893,0,0,1,0,0.005414,3.3347,0.3623,20.3497,45.00,10.00
BTCUSDT,2024-2026,528,BUY,sl,-312.2431,-1.0000,1,1,2,1,0.005173,3.9435,0.0539,22.0881,1.00,5.00
BTCUSDT,2024-2026,529,BUY,sl,-301.3967,-1.0000,2,1,3,2,0.006529,3.6520,0.7665,15.4491,4.00,10.00
BTCUSDT,2024-2026,530,SELL,time,-57.7915,-0.1182,3,1,1,1,0.006991,5.2518,0.8545,16.5129,18.00,14.00
BTCUSDT,2024-2026,531,SELL,time,-159.7644,-0.4793,4,1,2,2,0.005942,3.5697,1.6462,21.6988,16.00,13.00
BTCUSDT,2024-2026,533,BUY,sl,-308.5953,-1.0000,5,1,1,1,0.004427,8.2723,0.4161,12.2118,1.00,58.00
BTCUSDT,2024-2026,534,SELL,sl,-303.0015,-1.0000,6,1,1,1,0.004698,4.2349,0.2241,11.1715,10.00,24.00
BTCUSDT,2024-2026,535,SELL,sl,-292.7113,-1.0000,7,1,2,2,0.005755,5.2644,1.7820,28.5970,1.00,34.00
BTCUSDT,2024-2026,536,BUY,time,832.2728,3.2965,0,0,1,0,0.007857,4.8497,0.1167,29.8422,116.00,26.00
BTCUSDT,2024-2026,537,SELL,sl,-296.6872,-1.0000,1,0,1,1,0.006162,4.1062,1.7939,18.7547,1.00,1.00
BTCUSDT,2024-2026,538,BUY,sl,-288.2311,-1.0000,2,0,1,1,0.007434,5.6151,1.0241,21.1509,3.00,8.00
BTCUSDT,2024-2026,539,SELL,sl,-283.4502,-1.0000,3,0,1,1,0.008090,3.5210,0.9141,23.9281,21.00,32.00
BTCUSDT,2024-2026,540,BUY,time,2.3301,0.1160,0,0,1,0,0.006235,4.5153,0.6286,26.6669,46.00,20.00
BTCUSDT,2024-2026,541,SELL,sl,-302.3317,-1.0000,1,0,1,1,0.003990,3.5405,0.6165,12.6041,34.00,26.00
BTCUSDT,2024-2026,542,BUY,time,103.3879,0.5253,0,0,1,0,0.005507,6.6553,0.3474,24.4934,34.00,3.00
BTCUSDT,2024-2026,543,SELL,sl,-287.8512,-1.0000,1,0,1,1,0.005567,3.3782,0.4307,18.9679,6.00,7.00
BTCUSDT,2024-2026,544,SELL,time,-140.5763,-0.4285,2,0,2,2,0.005353,3.9697,0.0236,18.9217,18.00,10.00
BTCUSDT,2024-2026,545,BUY,time,-104.8849,-0.0680,3,0,1,1,0.001920,14.9436,0.7454,12.0054,18.00,24.00
BTCUSDT,2024-2026,546,SELL,sl,-289.0350,-1.0000,4,0,1,1,0.004498,2.8704,0.5269,28.1146,5.00,18.00
BTCUSDT,2024-2026,547,BUY,time,103.9358,0.5064,0,0,1,0,0.007548,4.0553,0.9911,24.2062,38.00,5.00
BTCUSDT,2024-2026,548,SELL,time,-50.5803,-0.0635,1,1,1,1,0.004796,3.5307,0.3554,13.4825,23.00,26.00
BTCUSDT,2024-2026,549,SELL,time,-176.8816,-0.5692,2,1,2,2,0.004756,3.7969,1.6207,21.0985,29.00,7.00
BTCUSDT,2024-2026,550,BUY,sl,-335.4491,-1.0000,3,1,1,1,0.001873,5.5057,0.2624,18.2330,5.00,6.00
BTCUSDT,2024-2026,551,BUY,sl,-333.2215,-1.0000,4,1,2,2,0.001825,7.2245,0.4235,15.3853,23.00,9.00
BTCUSDT,2024-2026,552,SELL,time,-88.2864,-0.2497,5,1,1,1,0.005710,3.6421,1.7187,22.7274,17.00,9.00
BTCUSDT,2024-2026,553,BUY,sl,-268.0627,-1.0000,6,1,1,1,0.005660,3.9967,0.6461,21.1391,8.00,15.00
BTCUSDT,2024-2026,554,BUY,time,-218.8436,-0.8151,7,1,2,2,0.006188,3.6851,0.1077,12.0839,15.00,21.00
BTCUSDT,2024-2026,555,SELL,time,164.0357,0.8372,0,0,1,0,0.004771,5.0288,0.1448,26.5963,42.00,6.00
BTCUSDT,2024-2026,556,BUY,sl,-293.1061,-1.0000,1,0,1,1,0.002791,7.1832,0.2254,23.1215,3.00,2.00
BTCUSDT,2024-2026,557,SELL,sl,-276.5026,-1.0000,2,0,1,1,0.003656,4.5641,0.5577,18.6070,6.00,23.00
BTCUSDT,2024-2026,558,BUY,sl,-261.6674,-1.0000,3,0,1,1,0.005002,4.6764,0.5340,22.4328,7.00,2.00
BTCUSDT,2024-2026,559,BUY,time,26.0344,0.2507,0,0,2,0,0.004880,5.7318,0.1982,23.9410,42.00,21.00
BTCUSDT,2024-2026,560,BUY,sl,-277.5503,-1.0000,1,0,3,1,0.003109,4.1198,0.1532,17.3859,5.00,23.00
BTCUSDT,2024-2026,561,BUY,sl,-340.1792,-1.0000,2,0,4,2,0.001316,5.3885,0.3174,18.0149,6.00,45.00
BTCUSDT,2024-2026,562,SELL,time,118.5671,0.7068,0,0,1,0,0.003827,2.7614,0.9313,30.1055,20.00,18.00
BTCUSDT,2024-2026,563,SELL,sl,-277.2944,-1.0000,1,0,2,1,0.002785,8.5720,0.2040,23.6387,18.00,5.00
BTCUSDT,2024-2026,564,SELL,sl,-256.4196,-1.0000,2,0,3,2,0.004156,4.5324,0.5723,15.1863,5.00,32.00
BTCUSDT,2024-2026,565,SELL,sl,-265.7112,-1.0000,3,0,4,3,0.003078,6.7352,0.1659,28.0801,1.00,16.00
BTCUSDT,2024-2026,567,SELL,sl,-319.9945,-1.0000,4,0,5,4,0.001364,4.9095,0.4523,20.9969,3.00,55.00
BTCUSDT,2024-2026,568,BUY,time,13081.9839,62.1268,0,0,1,0,0.002234,4.7588,0.0942,20.3683,146.00,2.00
BTCUSDT,2024-2026,569,SELL,sl,-387.4663,-1.0000,1,0,1,1,0.005099,6.0630,1.0926,17.1378,2.00,1.00
BTCUSDT,2024-2026,570,BUY,sl,-376.1146,-1.0000,2,0,1,1,0.005997,4.7566,0.1445,13.2620,3.00,14.00
BTCUSDT,2024-2026,571,BUY,time,-314.4921,-0.8388,3,0,2,2,0.006618,4.8296,0.7528,11.5541,51.00,11.00
BTCUSDT,2024-2026,572,BUY,sl,-371.2678,-1.0000,4,0,3,3,0.005570,3.6443,1.1353,17.3856,4.00,18.00
BTCUSDT,2024-2026,573,SELL,time,102.2512,0.4139,0,0,1,0,0.006514,5.9889,0.1801,19.9017,23.00,27.00
BTCUSDT,2024-2026,574,BUY,sl,-417.2582,-1.0000,1,0,1,1,0.002482,4.8462,2.3272,14.5203,7.00,22.00
BTCUSDT,2024-2026,575,SELL,sl,-368.1006,-1.0000,2,0,1,1,0.005029,3.8502,0.5478,26.9573,7.00,4.00
BTCUSDT,2024-2026,576,SELL,time,-314.6533,-0.8587,3,0,2,2,0.005529,4.5224,0.1222,17.8059,33.00,35.00
BTCUSDT,2024-2026,577,BUY,time,383.0394,1.3361,0,0,1,0,0.005085,4.8004,1.1713,14.7603,24.00,10.00
BTCUSDT,2024-2026,578,SELL,sl,-400.6015,-1.0000,1,0,1,1,0.002731,3.0107,0.0133,13.3605,3.00,50.00
BTCUSDT,2024-2026,579,BUY,sl,-384.7498,-1.0000,2,0,1,1,0.003161,3.6595,0.7070,16.1631,1.00,6.00
BTCUSDT,2024-2026,580,SELL,sl,-362.9544,-1.0000,3,0,1,1,0.004292,4.7389,0.3989,22.0939,3.00,15.00
BTCUSDT,2024-2026,581,SELL,time,27.6661,0.2753,0,0,2,0,0.003579,6.6762,0.0046,27.6717,18.00,10.00
