date_utc,BTCUSDT,ETHUSDT,equal_weight
2025-01-01,1000.0000,1000.0000,1000.0000
2025-01-02,1000.0000,1000.0000,1000.0000
2025-01-03,1000.0000,1000.0000,1000.0000
2025-01-04,1007.6901,1000.0000,1003.8451
2025-01-05,1003.6662,1000.0000,1001.8331
2025-01-06,1003.6662,1000.0000,1001.8331
2025-01-07,988.6112,1000.0000,994.3056
2025-01-08,999.4004,1124.7692,1062.0848
2025-01-09,999.4004,1124.7692,1062.0848
2025-01-10,999.4004,1124.7692,1062.0848
2025-01-11,1030.1886,1239.0525,1134.6206
2025-01-12,1030.1886,1239.0525,1134.6206
2025-01-13,1014.7358,1239.0525,1126.8942
2025-01-14,999.5148,1239.0525,1119.2836
2025-01-15,999.5148,1242.3204,1120.9176
2025-01-16,999.5148,1242.3204,1120.9176
2025-01-17,1023.1856,1249.7443,1136.4649
2025-01-18,1023.1856,1249.7443,1136.4649
2025-01-19,1023.1856,1241.6974,1132.4415
2025-01-20,1044.1644,1186.6549,1115.4097
2025-01-21,1028.5020,1186.6549,1107.5785
2025-01-22,1028.5020,1186.6549,1107.5785
2025-01-23,1028.5020,1186.6549,1107.5785
2025-01-24,1013.0744,1175.7620,1094.4182
2025-01-25,1013.0744,1177.7106,1095.3925
2025-01-26,1013.0744,1177.7106,1095.3925
2025-01-27,1013.0744,1160.0450,1086.5597
2025-01-28,1013.0744,1241.4040,1127.2392
2025-01-29,1062.7476,1241.4040,1152.0758
2025-01-30,1062.7476,1241.4040,1152.0758
2025-01-31,1062.7476,1241.4040,1152.0758
2025-02-01,1064.9235,1241.4040,1153.1637
2025-02-02,1064.9235,1262.4318,1163.6776
2025-02-03,1064.9235,1262.4318,1163.6776
2025-02-04,1124.8404,1452.5917,1288.7161
2025-02-05,1107.9678,1452.5917,1280.2798
2025-02-06,1107.9678,1452.5917,1280.2798
2025-02-07,1107.9678,1430.8028,1269.3853
2025-02-08,1107.9678,1388.2007,1248.0843
2025-02-09,1107.9678,1388.2007,1248.0843
2025-02-10,1091.3483,1367.3777,1229.3630
2025-02-11,1091.3483,1367.3777,1229.3630
2025-02-12,1078.7482,1352.4686,1215.6084
2025-02-13,1062.5670,1332.1816,1197.3743
2025-02-14,1062.5670,1312.1989,1187.3829
2025-02-15,1046.6285,1292.5159,1169.5722
2025-02-16,1046.6285,1292.5159,1169.5722
2025-02-17,1046.6285,1292.5159,1169.5722
2025-02-18,1046.6285,1273.1282,1159.8783
2025-02-19,1046.6285,1273.1282,1159.8783
2025-02-20,1092.0835,1254.0312,1173.0574
2025-02-21,1092.0835,1235.2208,1163.6522
2025-02-22,1088.3311,1216.6925,1152.5118
2025-02-23,1083.1615,1202.5986,1142.8801
2025-02-24,1066.9141,1184.5596,1125.7368
2025-02-25,1066.9141,1184.5596,1125.7368
2025-02-26,1066.9141,1184.5596,1125.7368
2025-02-27,1066.9141,1184.5596,1125.7368
2025-02-28,1241.5741,1184.5596,1213.0669
2025-03-01,1222.9505,1184.5596,1203.7550
2025-03-02,1222.9505,1184.5596,1203.7550
2025-03-03,1221.5342,1385.0242,1303.2792
2025-03-04,1256.0352,1364.2488,1310.1420
2025-03-05,1240.2947,1346.1291,1293.2119
2025-03-06,1221.6902,1325.9371,1273.8137
2025-03-07,1205.2104,1306.0481,1255.6292
2025-03-08,1205.2104,1306.0481,1255.6292
2025-03-09,1205.2104,1306.0481,1255.6292
2025-03-10,1205.2104,1306.0481,1255.6292
2025-03-11,1205.2104,1286.4573,1245.8339
2025-03-12,1320.3424,1286.4573,1303.3999
2025-03-13,1320.3424,1286.4573,1303.3999
2025-03-14,1300.5372,1286.4573,1293.4973
2025-03-15,1281.0292,1285.7946,1283.4119
2025-03-16,1281.0292,1266.5077,1273.7684
2025-03-17,1261.8137,1266.5077,1264.1607
2025-03-18,1261.8137,1228.7974,1245.3056
2025-03-19,1224.2432,1210.3654,1217.3043
2025-03-20,1224.2432,1210.3654,1217.3043
2025-03-21,1253.7538,1217.6963,1235.7250
2025-03-22,1234.9475,1199.4309,1217.1892
2025-03-23,1234.9475,1181.4394,1208.1934
2025-03-24,1234.9475,1163.7178,1199.3326
2025-03-25,1234.9475,1163.7178,1199.3326
2025-03-26,1360.1517,1183.2727,1271.7122
2025-03-27,1339.7494,1183.2727,1261.5111
2025-03-28,1339.7494,1183.2727,1261.5111
2025-03-29,1339.7494,1183.2727,1261.5111
2025-03-30,1339.7494,1183.2727,1261.5111
2025-03-31,1400.1762,1324.1977,1362.1870
2025-04-01,1400.1762,1324.1977,1362.1870
2025-04-02,1379.1736,1324.1977,1351.6856
2025-04-03,1338.1087,1321.6967,1329.9027
2025-04-04,1338.1087,1282.3432,1310.2259
2025-04-05,1301.6645,1282.3432,1292.0039
2025-04-06,1301.6645,1282.3432,1292.0039
2025-04-07,1301.6645,1282.3432,1292.0039
2025-04-08,1301.6645,1282.3432,1292.0039
2025-04-09,1301.6645,1282.3432,1292.0039
2025-04-10,1293.0621,1486.1366,1389.5994
2025-04-11,1273.6662,1463.8446,1368.7554
2025-04-12,1254.5612,1463.8446,1359.2029
2025-04-13,1254.5612,1463.8446,1359.2029
2025-04-14,1249.6981,1441.8869,1345.7925
2025-04-15,1249.6981,1420.2586,1334.9783
2025-04-16,1249.6981,1420.2586,1334.9783
2025-04-17,1230.9526,1420.2586,1325.6056
2025-04-18,1230.9526,1420.2586,1325.6056
2025-04-19,1230.9526,1421.6326,1326.2926
2025-04-20,1212.4883,1421.6326,1317.0604
2025-04-21,1194.3010,1379.3034,1286.8022
2025-04-22,1194.3010,1358.6139,1276.4574
2025-04-23,1194.3010,1338.2347,1266.2678
2025-04-24,1194.3010,1338.2347,1266.2678
2025-04-25,1364.0386,1377.4629,1370.7507
2025-04-26,1364.0386,1377.4629,1370.7507
2025-04-27,1355.7268,1356.8010,1356.2639
2025-04-28,1355.7268,1356.8010,1356.2639
2025-04-29,1315.3600,1336.4490,1325.9045
2025-04-30,1315.3600,1316.4022,1315.8811
2025-05-01,1315.3600,1296.6562,1306.0081
2025-05-02,1315.3600,1277.2063,1296.2832
2025-05-03,1315.3600,1277.2063,1296.2832
2025-05-04,1341.9288,1277.2063,1309.5676
2025-05-05,1341.9288,1277.2063,1309.5676
2025-05-06,1379.1088,1258.0482,1318.5785
2025-05-07,1379.1088,1239.1775,1309.1431
2025-05-08,1379.1088,1220.5899,1299.8493
2025-05-09,1379.1088,1220.5899,1299.8493
2025-05-10,1379.1088,1220.5899,1299.8493
2025-05-11,1379.1088,1220.5899,1299.8493
2025-05-12,1379.1088,1220.5899,1299.8493
2025-05-13,1562.8219,1567.6880,1565.2549
2025-05-14,1519.2684,1567.6880,1543.4782
2025-05-15,1519.2684,1544.1727,1531.7205
2025-05-16,1496.4793,1521.0101,1508.7447
2025-05-17,1496.4793,1498.1949,1497.3371
2025-05-18,1474.0321,1498.1949,1486.1135
2025-05-19,1451.9217,1447.9940,1449.9578
2025-05-20,1430.1428,1447.9940,1439.0684
2025-05-21,1430.1428,1426.2741,1428.2084
2025-05-22,1430.1428,1404.8800,1417.5114
2025-05-23,1430.1428,1404.8800,1417.5114
2025-05-24,1472.9962,1383.8068,1428.4015
2025-05-25,1472.9962,1383.8068,1428.4015
2025-05-26,1450.9012,1391.9196,1421.4104
2025-05-27,1450.9012,1371.0408,1410.9710
2025-05-28,1429.1377,1371.0408,1400.0892
2025-05-29,1429.1377,1371.0408,1400.0892
2025-05-30,1416.7780,1350.4752,1383.6266
2025-05-31,1416.7780,1350.4752,1383.6266
2025-06-01,1456.2762,1350.4752,1403.3757
2025-06-02,1434.4321,1351.3149,1392.8735
2025-06-03,1412.9156,1351.3149,1382.1153
2025-06-04,1370.8460,1354.1516,1362.4988
2025-06-05,1350.2833,1333.8393,1342.0613
2025-06-06,1350.2833,1333.8393,1342.0613
2025-06-07,1340.4564,1366.6640,1353.5602
2025-06-08,1340.4564,1346.1641,1343.3102
2025-06-09,1308.9503,1346.1641,1327.5572
2025-06-10,1308.9503,1325.9716,1317.4609
2025-06-11,1382.9867,1325.9716,1354.4792
2025-06-12,1382.9867,1325.9716,1354.4792
2025-06-13,1382.9867,1445.2751,1414.1309
2025-06-14,1438.4199,1445.2751,1441.8475
2025-06-15,1438.4199,1445.2751,1441.8475
2025-06-16,1438.4199,1531.3763,1484.8981
2025-06-17,1438.4199,1508.4057,1473.4128
2025-06-18,1416.8436,1508.4057,1462.6246
2025-06-19,1416.8436,1508.4057,1462.6246
2025-06-20,1416.8436,1508.4057,1462.6246
2025-06-21,1391.8119,1463.4929,1427.6524
2025-06-22,1366.3187,1494.0365,1430.1776
2025-06-23,1345.8239,1494.0365,1419.9302
2025-06-24,1345.8239,1485.5900,1415.7070
2025-06-25,1345.8239,1485.5900,1415.7070
2025-06-26,1345.8239,1485.5900,1415.7070
2025-06-27,1416.0436,1485.5900,1450.8168
2025-06-28,1416.0436,1511.9464,1463.9950
2025-06-29,1416.0436,1511.9464,1463.9950
2025-06-30,1394.8029,1489.2672,1442.0350
2025-07-01,1373.8809,1466.9282,1420.4045
2025-07-02,1373.8809,1466.9282,1420.4045
2025-07-03,1359.3765,1444.9242,1402.1504
2025-07-04,1359.3765,1444.9242,1402.1504
2025-07-05,1393.3435,1521.1530,1457.2482
2025-07-06,1393.3435,1526.4560,1459.8997
2025-07-07,1372.4433,1481.0057,1426.7245
2025-07-08,1351.8567,1481.0057,1416.4312
2025-07-09,1351.8567,1481.0057,1416.4312
2025-07-10,1331.5788,1436.9088,1384.2438
2025-07-11,1331.5788,1436.9088,1384.2438
2025-07-12,1331.5788,1436.9088,1384.2438
2025-07-13,1474.1958,1568.1348,1521.1653
2025-07-14,1474.1958,1544.6128,1509.4043
2025-07-15,1474.1958,1521.4436,1497.8197
2025-07-16,1430.2823,1521.4436,1475.8630
2025-07-17,1430.2823,1521.4436,1475.8630
2025-07-18,1387.6957,1521.4436,1454.5696
2025-07-19,1387.6957,1663.8637,1525.7797
2025-07-20,1366.8802,1663.8637,1515.3720
2025-07-21,1366.8802,1663.8637,1515.3720
2025-07-22,1346.3770,1704.9489,1525.6630
2025-07-23,1346.3770,1679.3747,1512.8759
2025-07-24,1306.2886,1629.3713,1467.8300
2025-07-25,1306.2886,1604.9307,1455.6097
2025-07-26,1292.4379,1604.9307,1448.6843
2025-07-27,1292.4379,1604.9307,1448.6843
2025-07-28,1292.4379,1604.9307,1448.6843
2025-07-29,1287.4576,1580.8568,1434.1572
2025-07-30,1287.4576,1580.8568,1434.1572
2025-07-31,1249.1235,1580.8568,1414.9902
2025-08-01,1249.1235,1557.1439,1403.1337
2025-08-02,1249.1235,1533.7868,1391.4552
2025-08-03,1249.1235,1533.7868,1391.4552
2025-08-04,1294.6179,1554.3065,1424.4622
2025-08-05,1294.6179,1554.3065,1424.4622
2025-08-06,1256.0706,1598.7955,1427.4331
2025-08-07,1256.0706,1598.7955,1427.4331
2025-08-08,1218.6711,1598.7955,1408.7333
2025-08-09,1200.3911,1598.7955,1399.5933
2025-08-10,1182.3852,1598.7955,1390.5903
2025-08-11,1164.6494,1865.7659,1515.2077
2025-08-12,1172.1836,1865.7659,1518.9748
2025-08-13,1172.1836,1865.7659,1518.9748
2025-08-14,1172.1836,1865.7659,1518.9748
2025-08-15,1181.5728,1929.8787,1555.7257
2025-08-16,1181.5728,1929.8787,1555.7257
2025-08-17,1181.5728,1929.8787,1555.7257
2025-08-18,1174.8247,1893.2994,1534.0621
2025-08-19,1169.8670,1893.2994,1531.5832
2025-08-20,1169.8670,1893.2994,1531.5832
2025-08-21,1167.4535,1926.4438,1546.9486
2025-08-22,1149.9416,1897.5471,1523.7444
2025-08-23,1132.6925,1897.5471,1515.1198
2025-08-24,1124.5386,1897.5471,1511.0428
2025-08-25,1124.5386,1897.5471,1511.0428
2025-08-26,1124.5386,1925.3790,1524.9588
2025-08-27,1261.2854,1964.4127,1612.8490
2025-08-28,1261.2854,1964.4127,1612.8490
2025-08-29,1242.3661,1964.4127,1603.3894
2025-08-30,1223.7306,1964.4127,1594.0716
2025-08-31,1228.3614,1964.4127,1596.3870
2025-09-01,1209.9359,1933.9763,1571.9561
2025-09-02,1173.9101,1933.9763,1553.9432
2025-09-03,1156.3014,1904.9666,1530.6340
2025-09-04,1156.3014,1904.9666,1530.6340
2025-09-05,1135.4547,1854.7938,1495.1242
2025-09-06,1118.4228,1826.9719,1472.6974
2025-09-07,1118.4228,1826.9719,1472.6974
2025-09-08,1118.4228,1826.9719,1472.6974
2025-09-09,1118.4228,1799.5673,1458.9951
2025-09-10,1075.1862,1799.5673,1437.3768
2025-09-11,1075.1862,1772.5738,1423.8800
2025-09-12,1075.1862,1772.5738,1423.8800
2025-09-13,1075.1862,1772.5738,1423.8800
2025-09-14,1122.3714,1830.1045,1476.2379
2025-09-15,1122.3714,1830.1045,1476.2379
2025-09-16,1072.6185,1802.6529,1437.6357
2025-09-17,1072.6185,1802.6529,1437.6357
2025-09-18,1056.5292,1792.3909,1424.4601
2025-09-19,1040.6813,1792.3909,1416.5361
2025-09-20,1040.6813,1777.3358,1409.0085
2025-09-21,1040.6813,1800.4417,1420.5615
2025-09-22,1040.6813,1800.4417,1420.5615
2025-09-23,1040.6813,1800.4417,1420.5615
2025-09-24,1137.4498,1800.4417,1468.9458
2025-09-25,1120.3881,1800.4417,1460.4149
2025-09-26,1120.3881,1800.4417,1460.4149
2025-09-27,1154.1516,2072.0450,1613.0983
2025-09-28,1154.1516,2072.0450,1613.0983
2025-09-29,1154.1516,2040.9643,1597.5580
2025-09-30,1154.1516,2010.3498,1582.2507
2025-10-01,1330.4558,1990.8422,1660.6490
2025-10-02,1330.4558,1990.8422,1660.6490
2025-10-03,1330.4558,1990.8422,1660.6490
2025-10-04,1330.4558,1990.8422,1660.6490
2025-10-05,1450.4286,2070.0842,1760.2564
2025-10-06,1428.6722,2039.0329,1733.8525
2025-10-07,1407.2421,2039.0329,1723.1375
2025-10-08,1407.2421,2010.4661,1708.8541
2025-10-09,1414.7152,1997.9569,1706.3360
2025-10-10,1414.7152,1938.4677,1676.5915
2025-10-11,1414.7152,1909.3907,1662.0530
2025-10-12,1414.7152,1909.3907,1662.0530
2025-10-13,1563.0024,1909.3907,1736.1965
2025-10-14,1579.3175,1944.1475,1761.7325
2025-10-15,1579.3175,1886.2605,1732.7890
2025-10-16,1579.3175,1886.2605,1732.7890
2025-10-17,1579.3175,1886.2605,1732.7890
2025-10-18,1579.3175,1886.2605,1732.7890
2025-10-19,1579.3175,1891.7046,1735.5111
2025-10-20,1688.5612,1863.3290,1775.9451
2025-10-21,1688.5612,1835.3791,1761.9702
2025-10-22,1649.8397,1780.7307,1715.2852
2025-10-23,1649.8397,1780.7307,1715.2852
2025-10-24,1600.7157,1727.7094,1664.2126
2025-10-25,1600.7157,1701.7938,1651.2547
2025-10-26,1600.7157,1701.7938,1651.2547
2025-10-27,1600.7157,1701.7938,1651.2547
2025-10-28,1712.4513,1823.1064,1767.7788
2025-10-29,1712.4513,1795.7598,1754.1055
2025-10-30,1712.4513,1795.7598,1754.1055
2025-10-31,1712.4513,1795.7598,1754.1055
2025-11-01,1778.7617,1874.9802,1826.8710
2025-11-02,1778.7617,1874.9802,1826.8710
2025-11-03,1752.0803,1846.8555,1799.4679
2025-11-04,1752.0803,1846.8555,1799.4679
2025-11-05,1752.0803,1846.8555,1799.4679
2025-11-06,1965.2025,2180.1753,2072.6889
2025-11-07,1935.7244,2180.1753,2057.9498
2025-11-08,1906.6886,2147.4726,2027.0806
2025-11-09,1878.0882,2134.4361,2006.2622
2025-11-10,1878.0882,2134.4361,2006.2622
2025-11-11,1878.0882,2159.0508,2018.5695
2025-11-12,1961.9904,2159.0508,2060.5206
2025-11-13,1972.5896,2126.6650,2049.6273
2025-11-14,1943.0008,2094.7651,2018.8829
2025-11-15,1943.0008,2094.7651,2018.8829
2025-11-16,1943.0008,2144.5050,2043.7529
2025-11-17,1971.1463,2112.3375,2041.7419
2025-11-18,1971.1463,2080.6524,2025.8993
2025-11-19,1968.2742,2049.4426,2008.8584
2025-11-20,1938.7501,2018.7010,1978.7255
2025-11-21,1938.7501,2018.7010,1978.7255
2025-11-22,1938.7501,2018.7010,1978.7255
2025-11-23,2000.4183,2055.2579,2027.8381
2025-11-24,2000.4183,2024.4290,2012.4237
2025-11-25,2002.6115,2024.4290,2013.5203
2025-11-26,1972.5724,1994.0626,1983.3175
2025-11-27,1972.5724,1994.0626,1983.3175
2025-11-28,1972.5724,1972.0384,1972.3054
2025-11-29,1972.5724,1972.0384,1972.3054
2025-11-30,1972.5724,1972.0384,1972.3054
2025-12-01,1987.3332,1942.4578,1964.8955
2025-12-02,1987.3332,1942.4578,1964.8955
2025-12-03,1957.5232,1936.1201,1946.8216
2025-12-04,1957.5232,1936.1201,1946.8216
2025-12-05,2051.5540,2128.1963,2089.8751
2025-12-06,2020.7806,2128.1963,2074.4885
2025-12-07,1990.4689,2114.3540,2052.4115
2025-12-08,1960.6119,2082.6387,2021.6253
2025-12-09,1960.6119,2051.3991,2006.0055
2025-12-10,1960.6119,2051.3991,2006.0055
2025-12-11,1931.2027,2051.3991,1991.3009
2025-12-12,1949.1959,2076.8074,2013.0017
2025-12-13,1949.1959,2076.8074,2013.0017
2025-12-14,1949.1959,2045.6553,1997.4256
2025-12-15,1949.1959,2045.6553,1997.4256
2025-12-16,1919.9579,2014.9705,1967.4642
2025-12-17,1921.6477,2014.9705,1968.3091
2025-12-18,1921.6477,2023.7745,1972.7111
2025-12-19,1864.4307,1996.2158,1930.3232
2025-12-20,1864.4307,1996.2158,1930.3232
2025-12-21,1864.4307,1996.2158,1930.3232
2025-12-22,1836.4642,1966.2726,1901.3684
2025-12-23,1808.9172,1936.7785,1872.8479
2025-12-24,1808.9172,1936.7785,1872.8479
2025-12-25,1811.0463,1936.8341,1873.9402
2025-12-26,1783.8806,1936.8341,1860.3574
2025-12-27,1757.1224,1907.7816,1832.4520
2025-12-28,1757.1224,1907.7816,1832.4520
2025-12-29,1757.1224,1907.7816,1832.4520
2025-12-30,1730.7656,1879.1649,1804.9652
2025-12-31,1704.8041,1879.1649,1791.9845
2026-01-01,1701.3948,1879.1649,1790.2799
